channel_id,channel_name,channel_description,channel_uploader_url,channel_title,id,url,title,description,duration,view_count
UCwKZnJ48oXRCCGCQbL1BPSA,Javier Milei,"Canal Oficial de Javier Milei
VLLC!

",https://www.youtube.com/@JavierMileiOK,Javier Milei - Videos,zAjBSfFGpKk,https://www.youtube.com/watch?v=zAjBSfFGpKk,MILEI DESTROZA A LUIS MAJUL,"Canal Oficial de Javier Milei

Redes:
Instagram: https://www.instagram.com/javiermilei/
Twitter: https://twitter.com/JMilei
Facebook: https://www.facebook.com/JavierMileiEconomista/
Youtube:...",1703.0,29137
UCwKZnJ48oXRCCGCQbL1BPSA,Javier Milei,"Canal Oficial de Javier Milei
VLLC!

",https://www.youtube.com/@JavierMileiOK,Javier Milei - Videos,yAuIjst9ZIU,https://www.youtube.com/watch?v=yAuIjst9ZIU,JAVIER MILEI CON BABY ETCHECOPAR,"Redes:
Instagram: https://www.instagram.com/javiermilei/
Twitter: https://twitter.com/JMilei
Facebook: https://www.facebook.com/JavierMileiEconomista/
Youtube: https://shorturl.at/mnAN1

VLLC!",2671.0,6780
UCwKZnJ48oXRCCGCQbL1BPSA,Javier Milei,"Canal Oficial de Javier Milei
VLLC!

",https://www.youtube.com/@JavierMileiOK,Javier Milei - Videos,3pFGfppjiQs,https://www.youtube.com/watch?v=3pFGfppjiQs,JAVIER MILEI RESPONDE TODO EN TN,"Redes:

Instagram: https://www.instagram.com/javiermilei/
Twitter: https://twitter.com/JMilei
Facebook: https://www.facebook.com/JavierMileiEconomista/
Youtube: https://shorturl.at/mnAN1


VLLC!",2495.0,1992
UCwKZnJ48oXRCCGCQbL1BPSA,Javier Milei,"Canal Oficial de Javier Milei
VLLC!

",https://www.youtube.com/@JavierMileiOK,Javier Milei - Videos,dsq0YvdQmIE,https://www.youtube.com/watch?v=dsq0YvdQmIE,JAVIER MILEI CON JONATAN VIALE EN LN+,"Canal Oficial de Javier Milei

Redes:
Instagram: https://www.instagram.com/javiermilei/
Twitter: https://twitter.com/JMilei
Facebook: https://www.facebook.com/JavierMileiEconomista/
Youtube:...",3306.0,1539
UCwKZnJ48oXRCCGCQbL1BPSA,Javier Milei,"Canal Oficial de Javier Milei
VLLC!

",https://www.youtube.com/@JavierMileiOK,Javier Milei - Videos,rTR8UdBK8n4,https://www.youtube.com/watch?v=rTR8UdBK8n4,"Javier Milei: ""Ning√∫n rival directo me llam√≥ para felicitarme"" #LaCruelVerdad con Trebucq","Canal Oficial de Javier Milei

Redes:
Instagram: https://www.instagram.com/javiermilei/
Twitter: https://twitter.com/JMilei
Facebook: https://www.facebook.com/JavierMileiEconomista
Youtube:...",2435.0,3258
UCwKZnJ48oXRCCGCQbL1BPSA,Javier Milei,"Canal Oficial de Javier Milei
VLLC!

",https://www.youtube.com/@JavierMileiOK,Javier Milei - Videos,jfkeV8S1yzU,https://www.youtube.com/watch?v=jfkeV8S1yzU,MILEI SE EMOCIONA CON FANTINO TRAS EL TRIUNFO DE LAS PASO,"Canal Oficial de Javier Milei

Redes:
Instagram: https://www.instagram.com/javiermilei/
Twitter: https://twitter.com/JMilei
Facebook: https://www.facebook.com/JavierMileiEconomista
Youtube:...",5745.0,5359
UCwKZnJ48oXRCCGCQbL1BPSA,Javier Milei,"Canal Oficial de Javier Milei
VLLC!

",https://www.youtube.com/@JavierMileiOK,Javier Milei - Videos,tRAhsZSzn_0,https://www.youtube.com/watch?v=tRAhsZSzn_0,Javier Milei: primera aparici√≥n en TV luego del TRIUNFO,"Canal Oficial de Javier Milei

Redes:
Instagram: https://www.instagram.com/javiermilei/
Twitter: https://twitter.com/JMilei
Facebook: https://www.facebook.com/JavierMileiEconomista/
Youtube:...",1366.0,3994
UCwKZnJ48oXRCCGCQbL1BPSA,Javier Milei,"Canal Oficial de Javier Milei
VLLC!

",https://www.youtube.com/@JavierMileiOK,Javier Milei - Videos,a7bUj-0W1J8,https://www.youtube.com/watch?v=a7bUj-0W1J8,DISCURSO DE JAVIER MILEI EN EL BUNKER D√çA HIST√ìRICO,"Canal Oficial de Javier Milei

Redes:
Instagram: https://www.instagram.com/javiermilei/
Twitter: https://twitter.com/JMilei
Facebook: https://www.facebook.com/JavierMileiEconomista/
Youtube:...",1105.0,14554
UCwKZnJ48oXRCCGCQbL1BPSA,Javier Milei,"Canal Oficial de Javier Milei
VLLC!

",https://www.youtube.com/@JavierMileiOK,Javier Milei - Videos,Lj2ujetzSz0,https://www.youtube.com/watch?v=Lj2ujetzSz0,Javier Milei con Esteban Trebucq,"Canal Oficial de Javier Milei

Redes:
Instagram: https://www.instagram.com/javiermilei/
Twitter: https://twitter.com/JMilei
Facebook: https://www.facebook.com/JavierMileiEconomista/
Youtube:...",2182.0,4364
UCwKZnJ48oXRCCGCQbL1BPSA,Javier Milei,"Canal Oficial de Javier Milei
VLLC!

",https://www.youtube.com/@JavierMileiOK,Javier Milei - Videos,ORTlT-cQBQg,https://www.youtube.com/watch?v=ORTlT-cQBQg,DISCURSO de Javier Milei en el MOVISTAR ARENA,"Canal Oficial de Javier Milei

Redes:
Instagram: https://www.instagram.com/javiermilei/
Twitter: https://twitter.com/JMilei
Facebook: https://www.facebook.com/JavierMileiEconomista
Youtube:...",2326.0,5226
UCwKZnJ48oXRCCGCQbL1BPSA,Javier Milei,"Canal Oficial de Javier Milei
VLLC!

",https://www.youtube.com/@JavierMileiOK,Javier Milei - Videos,EXvbHcvy98g,https://www.youtube.com/watch?v=EXvbHcvy98g,Javier Milei explica c√≥mo va a lograr sus propuestas con Eduardo Feinmann,"Canal Oficial de Javier Milei

Redes:
Instagram: https://www.instagram.com/javiermilei/
Twitter: https://twitter.com/JMilei
Facebook: https://www.facebook.com/JavierMileiEconomista/
Youtube:...",2466.0,2333
UCwKZnJ48oXRCCGCQbL1BPSA,Javier Milei,"Canal Oficial de Javier Milei
VLLC!

",https://www.youtube.com/@JavierMileiOK,Javier Milei - Videos,_2GnJ22phzw,https://www.youtube.com/watch?v=_2GnJ22phzw,Javier Milei presenta su Plan de Gobierno,"Canal Oficial de Javier Milei

Redes:
Instagram: https://www.instagram.com/javiermilei/
Twitter: https://twitter.com/JMilei
Facebook: https://www.facebook.com/JavierMileiEconomista
Youtube:...",1741.0,43203
UCwKZnJ48oXRCCGCQbL1BPSA,Javier Milei,"Canal Oficial de Javier Milei
VLLC!

",https://www.youtube.com/@JavierMileiOK,Javier Milei - Videos,PDxAiWPqQZE,https://www.youtube.com/watch?v=PDxAiWPqQZE,"""El delincuente tiene que pagar"" Javier Milei con Mauro Szeta","Programa: ""Staff de candidatos"" en Telef√©
Emisi√≥n: 1/8/2023

Canal Oficial de Javier Milei

Redes:
Instagram: https://www.instagram.com/javiermilei/
Twitter: https://twitter.com/JMilei
Facebook:...",901.0,2129
UCwKZnJ48oXRCCGCQbL1BPSA,Javier Milei,"Canal Oficial de Javier Milei
VLLC!

",https://www.youtube.com/@JavierMileiOK,Javier Milei - Videos,ZnS2_WlPlrs,https://www.youtube.com/watch?v=ZnS2_WlPlrs,Javier Milei con Chiche Gelblung,"Canal Oficial de Javier Milei

Redes:
Instagram: https://www.instagram.com/javiermilei/
Twitter: https://twitter.com/JMilei
Facebook: https://www.facebook.com/JavierMileiE...
Youtube: https://short...",1478.0,1602
UCwKZnJ48oXRCCGCQbL1BPSA,Javier Milei,"Canal Oficial de Javier Milei
VLLC!

",https://www.youtube.com/@JavierMileiOK,Javier Milei - Videos,ZQLC7gbbx30,https://www.youtube.com/watch?v=ZQLC7gbbx30,Javier Milei con Esteban Trebucq en A24,,1161.0,3974
UCwKZnJ48oXRCCGCQbL1BPSA,Javier Milei,"Canal Oficial de Javier Milei
VLLC!

",https://www.youtube.com/@JavierMileiOK,Javier Milei - Videos,NR2HJEZ-DKY,https://www.youtube.com/watch?v=NR2HJEZ-DKY,Javier Milei en A Dos Voces por el cierre de listas,,1614.0,5581
UCwKZnJ48oXRCCGCQbL1BPSA,Javier Milei,"Canal Oficial de Javier Milei
VLLC!

",https://www.youtube.com/@JavierMileiOK,Javier Milei - Videos,l36iGOJpobE,https://www.youtube.com/watch?v=l36iGOJpobE,"Javier Milei en ""La Mirada"" de Roberto Garc√≠a",Javier Milei en Canal 26.,3894.0,3275
UCwKZnJ48oXRCCGCQbL1BPSA,Javier Milei,"Canal Oficial de Javier Milei
VLLC!

",https://www.youtube.com/@JavierMileiOK,Javier Milei - Videos,01ZcfwWIRvQ,https://www.youtube.com/watch?v=01ZcfwWIRvQ,Javier Milei en LN+ con Luis Majul y Pablo Rossi,Javier Milei en el programa +Voces con Luis Majul y Pablo Rossi.,929.0,3809
UCwKZnJ48oXRCCGCQbL1BPSA,Javier Milei,"Canal Oficial de Javier Milei
VLLC!

",https://www.youtube.com/@JavierMileiOK,Javier Milei - Videos,nxzFmSrQII0,https://www.youtube.com/watch?v=nxzFmSrQII0,MILEI y VICKY VILLARRUEL EN A DOS VOCES,,2302.0,7390
UCwKZnJ48oXRCCGCQbL1BPSA,Javier Milei,"Canal Oficial de Javier Milei
VLLC!

",https://www.youtube.com/@JavierMileiOK,Javier Milei - Videos,O_4ObHJMgys,https://www.youtube.com/watch?v=O_4ObHJMgys,Javier Milei con Agust√≠n Laje y Viviana Canosa en LN+,,1158.0,3829
UCwKZnJ48oXRCCGCQbL1BPSA,Javier Milei,"Canal Oficial de Javier Milei
VLLC!

",https://www.youtube.com/@JavierMileiOK,Javier Milei - Videos,fFjI-ddDmOQ,https://www.youtube.com/watch?v=fFjI-ddDmOQ,"Milei explica la DOLARIZACI√ìN en ""A 2 Voces""",Javier Milei en TN 26/04/2023,1635.0,6038
UCwKZnJ48oXRCCGCQbL1BPSA,Javier Milei,"Canal Oficial de Javier Milei
VLLC!

",https://www.youtube.com/@JavierMileiOK,Javier Milei - Videos,G19kgQo0vTI,https://www.youtube.com/watch?v=G19kgQo0vTI,Javier Milei con Marcela Pagano en A24,,3445.0,17250
UCwKZnJ48oXRCCGCQbL1BPSA,Javier Milei,"Canal Oficial de Javier Milei
VLLC!

",https://www.youtube.com/@JavierMileiOK,Javier Milei - Videos,_dB660NxZQQ,https://www.youtube.com/watch?v=_dB660NxZQQ,"Javier Milei con Luis Majul en ""La Cornisa""",Javier Milei en LN+,3284.0,5446
UCwKZnJ48oXRCCGCQbL1BPSA,Javier Milei,"Canal Oficial de Javier Milei
VLLC!

",https://www.youtube.com/@JavierMileiOK,Javier Milei - Videos,e8inhXXEftU,https://www.youtube.com/watch?v=e8inhXXEftU,"Javier Milei con Luis Majul en ""La Cornisa""",,1560.0,4019
UCwKZnJ48oXRCCGCQbL1BPSA,Javier Milei,"Canal Oficial de Javier Milei
VLLC!

",https://www.youtube.com/@JavierMileiOK,Javier Milei - Videos,1vwXW1GvWqE,https://www.youtube.com/watch?v=1vwXW1GvWqE,"Javier Milei: ""La pol√≠tica se financia con el narcotr√°fico"" | Milei en LN+",,1722.0,4022
UCwKZnJ48oXRCCGCQbL1BPSA,Javier Milei,"Canal Oficial de Javier Milei
VLLC!

",https://www.youtube.com/@JavierMileiOK,Javier Milei - Videos,8_KATmPwy4I,https://www.youtube.com/watch?v=8_KATmPwy4I,Javier Milei en A24 con Marcela Pagano,,2134.0,7930
UCwKZnJ48oXRCCGCQbL1BPSA,Javier Milei,"Canal Oficial de Javier Milei
VLLC!

",https://www.youtube.com/@JavierMileiOK,Javier Milei - Videos,VWaEn_p8yJk,https://www.youtube.com/watch?v=VWaEn_p8yJk,Javier Milei con Diego Sehinkman  en TN,,1746.0,3379
UCwKZnJ48oXRCCGCQbL1BPSA,Javier Milei,"Canal Oficial de Javier Milei
VLLC!

",https://www.youtube.com/@JavierMileiOK,Javier Milei - Videos,jndLk0F69xY,https://www.youtube.com/watch?v=jndLk0F69xY,Javier Milei con Viviana Canosa en Reba√±o de pelotudos,,4521.0,12910
UCwKZnJ48oXRCCGCQbL1BPSA,Javier Milei,"Canal Oficial de Javier Milei
VLLC!

",https://www.youtube.com/@JavierMileiOK,Javier Milei - Videos,-DSa0wbxTHk,https://www.youtube.com/watch?v=-DSa0wbxTHk,Javier Milei con el pelado Esteban Trebucq en A24,"Javier Milei en A24 en ""La cruel realidad"" de Esteban Trebucq",3564.0,9935
UCwKZnJ48oXRCCGCQbL1BPSA,Javier Milei,"Canal Oficial de Javier Milei
VLLC!

",https://www.youtube.com/@JavierMileiOK,Javier Milei - Videos,3VKmlDD866I,https://www.youtube.com/watch?v=3VKmlDD866I,"Javier Milei: ""Juntos por el Cambio es inviable"" | MILEI EN TN",,2258.0,11378
UCwKZnJ48oXRCCGCQbL1BPSA,Javier Milei,"Canal Oficial de Javier Milei
VLLC!

",https://www.youtube.com/@JavierMileiOK,Javier Milei - Videos,8npLyYIjCJE,https://www.youtube.com/watch?v=8npLyYIjCJE,"Javier Milei en ""La Mirada"" de Roberto Garc√≠a | 13/11/22",,1933.0,8692
UCwKZnJ48oXRCCGCQbL1BPSA,Javier Milei,"Canal Oficial de Javier Milei
VLLC!

",https://www.youtube.com/@JavierMileiOK,Javier Milei - Videos,iB_aLMqLDuo,https://www.youtube.com/watch?v=iB_aLMqLDuo,"Javier Milei: ""Cristina suele tener problemas con los datos"" | Milei en LN+",,1050.0,3207
UCwKZnJ48oXRCCGCQbL1BPSA,Javier Milei,"Canal Oficial de Javier Milei
VLLC!

",https://www.youtube.com/@JavierMileiOK,Javier Milei - Videos,XTO2N1yFbvc,https://www.youtube.com/watch?v=XTO2N1yFbvc,Javier Milei con Luis Majul sobre la elecci√≥n de Lula en Brasil,,3652.0,2197
UCwKZnJ48oXRCCGCQbL1BPSA,Javier Milei,"Canal Oficial de Javier Milei
VLLC!

",https://www.youtube.com/@JavierMileiOK,Javier Milei - Videos,aLAM0lwmIbk,https://www.youtube.com/watch?v=aLAM0lwmIbk,Javier Milei con Pablo Rossi en LN+,,1905.0,2524
UCwKZnJ48oXRCCGCQbL1BPSA,Javier Milei,"Canal Oficial de Javier Milei
VLLC!

",https://www.youtube.com/@JavierMileiOK,Javier Milei - Videos,l6fZ9we8H0I,https://www.youtube.com/watch?v=l6fZ9we8H0I,"Javier Milei:  ""Estamos a las puertas de terminar con el Kirchnerismo"" | Milei en LN+",,1713.0,2725
UCwKZnJ48oXRCCGCQbL1BPSA,Javier Milei,"Canal Oficial de Javier Milei
VLLC!

",https://www.youtube.com/@JavierMileiOK,Javier Milei - Videos,3QVoFRydwn4,https://www.youtube.com/watch?v=3QVoFRydwn4,Javier Milei y Domingo Cavallo junto en TN,,1350.0,3540
UCwKZnJ48oXRCCGCQbL1BPSA,Javier Milei,"Canal Oficial de Javier Milei
VLLC!

",https://www.youtube.com/@JavierMileiOK,Javier Milei - Videos,g-FoH9FQ1zk,https://www.youtube.com/watch?v=g-FoH9FQ1zk,"Javier Milei con Jonatan Viale en LN+: ""La izquierda es un fen√≥meno empobrecedor""",,1089.0,3376
UCwKZnJ48oXRCCGCQbL1BPSA,Javier Milei,"Canal Oficial de Javier Milei
VLLC!

",https://www.youtube.com/@JavierMileiOK,Javier Milei - Videos,VJ84Ylhq14k,https://www.youtube.com/watch?v=VJ84Ylhq14k,Javier Milei en #Viva22 en Espa√±a,,1227.0,16573
UCwKZnJ48oXRCCGCQbL1BPSA,Javier Milei,"Canal Oficial de Javier Milei
VLLC!

",https://www.youtube.com/@JavierMileiOK,Javier Milei - Videos,saJLMPfzpMc,https://www.youtube.com/watch?v=saJLMPfzpMc,"Conferencia de Javier Milei en Ecuador: El liberalismo vs el socialismo, el debate moral",,6934.0,6559
UCwKZnJ48oXRCCGCQbL1BPSA,Javier Milei,"Canal Oficial de Javier Milei
VLLC!

",https://www.youtube.com/@JavierMileiOK,Javier Milei - Videos,ZfkPrLeai6E,https://www.youtube.com/watch?v=ZfkPrLeai6E,Javier Milei: C√°tedra libre | Episodio #2,,2716.0,19954
UCwKZnJ48oXRCCGCQbL1BPSA,Javier Milei,"Canal Oficial de Javier Milei
VLLC!

",https://www.youtube.com/@JavierMileiOK,Javier Milei - Videos,ygy1tvJlLVM,https://www.youtube.com/watch?v=ygy1tvJlLVM,JAVIER MILEI EN TN CON DIEGO SEHINKMAN,,1543.0,8116
UCwKZnJ48oXRCCGCQbL1BPSA,Javier Milei,"Canal Oficial de Javier Milei
VLLC!

",https://www.youtube.com/@JavierMileiOK,Javier Milei - Videos,mBf3FrMh2Gg,https://www.youtube.com/watch?v=mBf3FrMh2Gg,"Javier Milei con Jos√© del R√≠o en ""Comunidad de negocios""",Javier Milei en La Naci√≥n + habla con Jos√© del R√≠o.,2652.0,2984
UCwKZnJ48oXRCCGCQbL1BPSA,Javier Milei,"Canal Oficial de Javier Milei
VLLC!

",https://www.youtube.com/@JavierMileiOK,Javier Milei - Videos,-zMOLRX5afQ,https://www.youtube.com/watch?v=-zMOLRX5afQ,"Javier Milei con Luis Majul en ""La Cornisa""",,1591.0,3499
UCwKZnJ48oXRCCGCQbL1BPSA,Javier Milei,"Canal Oficial de Javier Milei
VLLC!

",https://www.youtube.com/@JavierMileiOK,Javier Milei - Videos,8-FCVYw_b-4,https://www.youtube.com/watch?v=8-FCVYw_b-4,Javier Milei en La Mirada de Roberto Garc√≠a,"Javier Milei en el programa ""La Mirada"" de Roberto Garc√≠a, por Canal 26.",1090.0,6213
UCwKZnJ48oXRCCGCQbL1BPSA,Javier Milei,"Canal Oficial de Javier Milei
VLLC!

",https://www.youtube.com/@JavierMileiOK,Javier Milei - Videos,RA5gilsdZLE,https://www.youtube.com/watch?v=RA5gilsdZLE,Javier Milei con Chiche Gelblung en Cr√≥nica,,1586.0,6390
UCwKZnJ48oXRCCGCQbL1BPSA,Javier Milei,"Canal Oficial de Javier Milei
VLLC!

",https://www.youtube.com/@JavierMileiOK,Javier Milei - Videos,2eEht778HIw,https://www.youtube.com/watch?v=2eEht778HIw,Javier Milei con Luis Majul en La Cornisa,,1628.0,6403
UCwKZnJ48oXRCCGCQbL1BPSA,Javier Milei,"Canal Oficial de Javier Milei
VLLC!

",https://www.youtube.com/@JavierMileiOK,Javier Milei - Videos,oiO-8EHL9ZI,https://www.youtube.com/watch?v=oiO-8EHL9ZI,Javier Milei en Cr√≥nica | 6/08/2022,,1980.0,5325
UCwKZnJ48oXRCCGCQbL1BPSA,Javier Milei,"Canal Oficial de Javier Milei
VLLC!

",https://www.youtube.com/@JavierMileiOK,Javier Milei - Videos,rpqPTA1VnC4,https://www.youtube.com/watch?v=rpqPTA1VnC4,Javier Milei con Jorge Rial en C5N,,2233.0,5646
UCwKZnJ48oXRCCGCQbL1BPSA,Javier Milei,"Canal Oficial de Javier Milei
VLLC!

",https://www.youtube.com/@JavierMileiOK,Javier Milei - Videos,c63uN9Xzyjs,https://www.youtube.com/watch?v=c63uN9Xzyjs,"Javier Milei con Viviana Canosa: ""Hay que hacer un ajuste de motosierra""",,3668.0,2896
UCwKZnJ48oXRCCGCQbL1BPSA,Javier Milei,"Canal Oficial de Javier Milei
VLLC!

",https://www.youtube.com/@JavierMileiOK,Javier Milei - Videos,BssEhFk7dQY,https://www.youtube.com/watch?v=BssEhFk7dQY,Javier Milei con Luis Novaresio en LN+,,3512.0,14359
UCwKZnJ48oXRCCGCQbL1BPSA,Javier Milei,"Canal Oficial de Javier Milei
VLLC!

",https://www.youtube.com/@JavierMileiOK,Javier Milei - Videos,YDxX5S6JpTM,https://www.youtube.com/watch?v=YDxX5S6JpTM,Javier Milei con Viviana Canosa,,3091.0,8003
UCwKZnJ48oXRCCGCQbL1BPSA,Javier Milei,"Canal Oficial de Javier Milei
VLLC!

",https://www.youtube.com/@JavierMileiOK,Javier Milei - Videos,sjtF1i-EBv0,https://www.youtube.com/watch?v=sjtF1i-EBv0,Javier Milei con Luis Novaresio en LN+,,1576.0,12029
UCwKZnJ48oXRCCGCQbL1BPSA,Javier Milei,"Canal Oficial de Javier Milei
VLLC!

",https://www.youtube.com/@JavierMileiOK,Javier Milei - Videos,oTivfdi3zYo,https://www.youtube.com/watch?v=oTivfdi3zYo,Javier Milei habla de pol√≠ticas energ√©ticas con Guillermo Andino,,1400.0,7704
UCwKZnJ48oXRCCGCQbL1BPSA,Javier Milei,"Canal Oficial de Javier Milei
VLLC!

",https://www.youtube.com/@JavierMileiOK,Javier Milei - Videos,hFYqmn5mAlU,https://www.youtube.com/watch?v=hFYqmn5mAlU,"""La inflaci√≥n se va a ir a niveles descomunales"" Javier Milei con Jos√© del R√≠o en LN+","Javier Milei en el programa ""Mesa chica"" de Jos√© del R√≠o",1369.0,8075
UCwKZnJ48oXRCCGCQbL1BPSA,Javier Milei,"Canal Oficial de Javier Milei
VLLC!

",https://www.youtube.com/@JavierMileiOK,Javier Milei - Videos,7STNae6KSdY,https://www.youtube.com/watch?v=7STNae6KSdY,Javier Milei con Luis Majul en +Voces | Milei en LN+,Javier Milei habla con Luis Majul en su Programa +Voces,1095.0,7821
UCwKZnJ48oXRCCGCQbL1BPSA,Javier Milei,"Canal Oficial de Javier Milei
VLLC!

",https://www.youtube.com/@JavierMileiOK,Javier Milei - Videos,g2oUKCdJu2M,https://www.youtube.com/watch?v=g2oUKCdJu2M,"Javier Milei en ""Solo una vuelta m√°s"" en TN | 17/07/2022",,1816.0,14852
UCwKZnJ48oXRCCGCQbL1BPSA,Javier Milei,"Canal Oficial de Javier Milei
VLLC!

",https://www.youtube.com/@JavierMileiOK,Javier Milei - Videos,xa352D2b2vI,https://www.youtube.com/watch?v=xa352D2b2vI,Javier Milei en TN con Nicol√°s Wi√±azki | 12/07/2022,,2506.0,11931
UCwKZnJ48oXRCCGCQbL1BPSA,Javier Milei,"Canal Oficial de Javier Milei
VLLC!

",https://www.youtube.com/@JavierMileiOK,Javier Milei - Videos,2zdcNrqITsI,https://www.youtube.com/watch?v=2zdcNrqITsI,Javier Milei en Cr√≥nica | 9/07/2022,,5149.0,5567
UCwKZnJ48oXRCCGCQbL1BPSA,Javier Milei,"Canal Oficial de Javier Milei
VLLC!

",https://www.youtube.com/@JavierMileiOK,Javier Milei - Videos,Dch1_IoD9YU,https://www.youtube.com/watch?v=Dch1_IoD9YU,"Javier Milei: ""Batakis tira m√°s le√±a al fuego"" | Javier Milei con Luis Majul en LN+",Javier Milei en LN+ con Luis Majul habla sobre la nueva ministra de Econom√≠a Silvina Batakis.,972.0,3874
UCwKZnJ48oXRCCGCQbL1BPSA,Javier Milei,"Canal Oficial de Javier Milei
VLLC!

",https://www.youtube.com/@JavierMileiOK,Javier Milei - Videos,wmqKOU9qQM8,https://www.youtube.com/watch?v=wmqKOU9qQM8,Javier Milei en Mesa Chica con Jos√© del R√≠o | Milei en LN+,Javier Milei en La Naci√≥n+ con Jos√© del R√≠o en su programa Mesa Chica.,936.0,4610
UCwKZnJ48oXRCCGCQbL1BPSA,Javier Milei,"Canal Oficial de Javier Milei
VLLC!

",https://www.youtube.com/@JavierMileiOK,Javier Milei - Videos,b_XtzkpwWj8,https://www.youtube.com/watch?v=b_XtzkpwWj8,"Milei en Cr√≥nica: ""S√© c√≥mo hacer para frenar la inflaci√≥n""","Javier Milei en Cr√≥nica tras el anuncio de la nueva ministra de Econom√≠a, Silvina Batakis.",2499.0,8176
UCwKZnJ48oXRCCGCQbL1BPSA,Javier Milei,"Canal Oficial de Javier Milei
VLLC!

",https://www.youtube.com/@JavierMileiOK,Javier Milei - Videos,sJxIHHCN0Ts,https://www.youtube.com/watch?v=sJxIHHCN0Ts,Milei habla sobre la renuncia de Guzm√°n en LN+,,1693.0,5548
UCwKZnJ48oXRCCGCQbL1BPSA,Javier Milei,"Canal Oficial de Javier Milei
VLLC!

",https://www.youtube.com/@JavierMileiOK,Javier Milei - Videos,GIJTMpLpOPA,https://www.youtube.com/watch?v=GIJTMpLpOPA,Javier Milei con Luis Majul en +Voces | 28/06/2022,Javier Milei habla con Luis Majul en el programa +Voces de LN+,1072.0,3909
UCwKZnJ48oXRCCGCQbL1BPSA,Javier Milei,"Canal Oficial de Javier Milei
VLLC!

",https://www.youtube.com/@JavierMileiOK,Javier Milei - Videos,9yfKQ7YaYP8,https://www.youtube.com/watch?v=9yfKQ7YaYP8,Javier Milei con Ernesto Tenembaum en Radio con vos | 28/06/2022,Entrevista radial a Javier Milei.,3043.0,12035
UCwKZnJ48oXRCCGCQbL1BPSA,Javier Milei,"Canal Oficial de Javier Milei
VLLC!

",https://www.youtube.com/@JavierMileiOK,Javier Milei - Videos,2uxvtC6673c,https://www.youtube.com/watch?v=2uxvtC6673c,Javier Milei con Luis Majul en La Cornisa | Milei en LN+ 26/07/2022,Javier Milei con Luis Majul en el programa La Cornisa.,1848.0,8022
UCwKZnJ48oXRCCGCQbL1BPSA,Javier Milei,"Canal Oficial de Javier Milei
VLLC!

",https://www.youtube.com/@JavierMileiOK,Javier Milei - Videos,yPYC7ET7WSU,https://www.youtube.com/watch?v=yPYC7ET7WSU,JAVIER MILEI EN VOZ Y VOTO ES CONSULTADO POR SU ARMADO EN C√ìRDOBA,"Participaci√≥n de Javier Milei en el programa ""Voz y voto"" de la TV cordobesa.",941.0,2328
UCwKZnJ48oXRCCGCQbL1BPSA,Javier Milei,"Canal Oficial de Javier Milei
VLLC!

",https://www.youtube.com/@JavierMileiOK,Javier Milei - Videos,ewkwlmNI8VM,https://www.youtube.com/watch?v=ewkwlmNI8VM,Javier Milei en C√≥rdoba | 25/06/2022,Javier Milei expone en C√≥rdoba su plan para convertir a la Argentina en potencia mundial nuevamente.,4239.0,5613
UCwKZnJ48oXRCCGCQbL1BPSA,Javier Milei,"Canal Oficial de Javier Milei
VLLC!

",https://www.youtube.com/@JavierMileiOK,Javier Milei - Videos,PpxqJCsGyZY,https://www.youtube.com/watch?v=PpxqJCsGyZY,JAVIER MILEI Y EL DIPY CON VIVIANA CANOSA | Viviana con vos 22/06/2022,Javier Milei visita a Viviana Canosa en su programa junto al Dipy.,2358.0,3818
UCwKZnJ48oXRCCGCQbL1BPSA,Javier Milei,"Canal Oficial de Javier Milei
VLLC!

",https://www.youtube.com/@JavierMileiOK,Javier Milei - Videos,cGsSoiWg21I,https://www.youtube.com/watch?v=cGsSoiWg21I,Javier Milei con Jorge Rial en #Argenzuela | 20/06/2022,Javier Milei habla con Jorge Rial en su programa #Argenzuela de Radio 10.,2241.0,1988
UCwKZnJ48oXRCCGCQbL1BPSA,Javier Milei,"Canal Oficial de Javier Milei
VLLC!

",https://www.youtube.com/@JavierMileiOK,Javier Milei - Videos,6FSvu6G2oJM,https://www.youtube.com/watch?v=6FSvu6G2oJM,"Javier Milei mano a mano con Ari Paluch en ""El exprimidor""","Entrevista de Javier Milei con Ari Paluch en su programa ""El exprimidor"".",2028.0,8423
UCwKZnJ48oXRCCGCQbL1BPSA,Javier Milei,"Canal Oficial de Javier Milei
VLLC!

",https://www.youtube.com/@JavierMileiOK,Javier Milei - Videos,sC0N8ggYbQ4,https://www.youtube.com/watch?v=sC0N8ggYbQ4,Javier Milei en LN+ con Jonatan Viale y Eduardo Feinman.,Javier Milei y su primera aparici√≥n televisiva desde su regreso al pa√≠s charlando con Eduardo Feinmann y Jonatan Viale.,2003.0,3459
UCwKZnJ48oXRCCGCQbL1BPSA,Javier Milei,"Canal Oficial de Javier Milei
VLLC!

",https://www.youtube.com/@JavierMileiOK,Javier Milei - Videos,2mtoxodwAR8,https://www.youtube.com/watch?v=2mtoxodwAR8,"Javier Milei derribando operetas, Entrevista Radio Mitre Lanata 02-06-2022",,2897.0,22169
UCwKZnJ48oXRCCGCQbL1BPSA,Javier Milei,"Canal Oficial de Javier Milei
VLLC!

",https://www.youtube.com/@JavierMileiOK,Javier Milei - Videos,r6MzpzL6G_4,https://www.youtube.com/watch?v=r6MzpzL6G_4,Javier Milei con Vivana Canosa 04-04-2022,,3258.0,5462
UCwKZnJ48oXRCCGCQbL1BPSA,Javier Milei,"Canal Oficial de Javier Milei
VLLC!

",https://www.youtube.com/@JavierMileiOK,Javier Milei - Videos,P-6Gqx6fXQg,https://www.youtube.com/watch?v=P-6Gqx6fXQg,"Javier Milei en La Cornisa, LN+ - 03-04-2022",,1937.0,5269
UCwKZnJ48oXRCCGCQbL1BPSA,Javier Milei,"Canal Oficial de Javier Milei
VLLC!

",https://www.youtube.com/@JavierMileiOK,Javier Milei - Videos,3X97t9o9Gco,https://www.youtube.com/watch?v=3X97t9o9Gco,Javier Milei en la Rosca TN 01-04-2022,,1413.0,3550
UCwKZnJ48oXRCCGCQbL1BPSA,Javier Milei,"Canal Oficial de Javier Milei
VLLC!

",https://www.youtube.com/@JavierMileiOK,Javier Milei - Videos,zlNLQqrJXYI,https://www.youtube.com/watch?v=zlNLQqrJXYI,Javier Milei con Marcela Pagano en A24 - 28-03-2022,,4470.0,3328
UCwKZnJ48oXRCCGCQbL1BPSA,Javier Milei,"Canal Oficial de Javier Milei
VLLC!

",https://www.youtube.com/@JavierMileiOK,Javier Milei - Videos,xgW7v-A-S5Y,https://www.youtube.com/watch?v=xgW7v-A-S5Y,Javier Milei en TN con Patricia Bullrich  - 27-3-2022,,1970.0,2727
UCwKZnJ48oXRCCGCQbL1BPSA,Javier Milei,"Canal Oficial de Javier Milei
VLLC!

",https://www.youtube.com/@JavierMileiOK,Javier Milei - Videos,OQbmaAAtBCc,https://www.youtube.com/watch?v=OQbmaAAtBCc,"Javier Milei en LN+  ""Abrazo con Amalia Granata"" 25-03-2022",,1840.0,1693
UCwKZnJ48oXRCCGCQbL1BPSA,Javier Milei,"Canal Oficial de Javier Milei
VLLC!

",https://www.youtube.com/@JavierMileiOK,Javier Milei - Videos,WuTWXv-vjag,https://www.youtube.com/watch?v=WuTWXv-vjag,Javier Milei con Viviana Canosa 23-03,,2664.0,3300
UCwKZnJ48oXRCCGCQbL1BPSA,Javier Milei,"Canal Oficial de Javier Milei
VLLC!

",https://www.youtube.com/@JavierMileiOK,Javier Milei - Videos,Uqmc5_oFeRI,https://www.youtube.com/watch?v=Uqmc5_oFeRI,Milei/Villaruel : Mesa de Enlace con El Campo 22/3/2022 - El Compromiso de La Libertad Avanza,,934.0,4699
UCwKZnJ48oXRCCGCQbL1BPSA,Javier Milei,"Canal Oficial de Javier Milei
VLLC!

",https://www.youtube.com/@JavierMileiOK,Javier Milei - Videos,b3ub1dztJQU,https://www.youtube.com/watch?v=b3ub1dztJQU,"Javier Milei en TN - Desde el Llano - ""Creo que puedo ser el pr√≥ximo presidente"" - 14-03-2022",,1236.0,5810
UCwKZnJ48oXRCCGCQbL1BPSA,Javier Milei,"Canal Oficial de Javier Milei
VLLC!

",https://www.youtube.com/@JavierMileiOK,Javier Milei - Videos,Mna3VbngpFw,https://www.youtube.com/watch?v=Mna3VbngpFw,Javier Milei en Expoagro 2022,,3119.0,4448
UCwKZnJ48oXRCCGCQbL1BPSA,Javier Milei,"Canal Oficial de Javier Milei
VLLC!

",https://www.youtube.com/@JavierMileiOK,Javier Milei - Videos,8tXfQJMBpl4,https://www.youtube.com/watch?v=8tXfQJMBpl4,Javier Milei en LN - La negociaci√≥n con el FMI est√° mal hecha - 07-03-2022,,1052.0,3156
UCwKZnJ48oXRCCGCQbL1BPSA,Javier Milei,"Canal Oficial de Javier Milei
VLLC!

",https://www.youtube.com/@JavierMileiOK,Javier Milei - Videos,2yaeW8nfNgo,https://www.youtube.com/watch?v=2yaeW8nfNgo,Javier Milei en A24 Solo una vuelta mas 04-03-2022,,4372.0,1891
UCwKZnJ48oXRCCGCQbL1BPSA,Javier Milei,"Canal Oficial de Javier Milei
VLLC!

",https://www.youtube.com/@JavierMileiOK,Javier Milei - Videos,6eUetuoqyPw,https://www.youtube.com/watch?v=6eUetuoqyPw,"Javier Milei en TN  "" SOLO UNA VUELTA MAS "" - 03-03-2022",,916.0,2558
UCwKZnJ48oXRCCGCQbL1BPSA,Javier Milei,"Canal Oficial de Javier Milei
VLLC!

",https://www.youtube.com/@JavierMileiOK,Javier Milei - Videos,3vFATKM46dQ,https://www.youtube.com/watch?v=3vFATKM46dQ,"Javier Milei en MAR DEL PLATA - Sorteo de mi dieta,  Enero - Libres para Aprender #6",,3974.0,6474
UCwKZnJ48oXRCCGCQbL1BPSA,Javier Milei,"Canal Oficial de Javier Milei
VLLC!

",https://www.youtube.com/@JavierMileiOK,Javier Milei - Videos,eyEPIWRo7lY,https://www.youtube.com/watch?v=eyEPIWRo7lY,Libres para Aprender #2 - Parque Centenario,"Ellos te quitan la educaci√≥n, nosotros te traemos. 
En la segunda clase de Libres para Aprender, Javier Milei nos ense√±a sobre la INFLACI√ìN.",3592.0,3318
UCwKZnJ48oXRCCGCQbL1BPSA,Javier Milei,"Canal Oficial de Javier Milei
VLLC!

",https://www.youtube.com/@JavierMileiOK,Javier Milei - Videos,01eajDfhOIU,https://www.youtube.com/watch?v=01eajDfhOIU,Libres para Aprender #1 - Parque Saavedra,,2426.0,4721
UCwKZnJ48oXRCCGCQbL1BPSA,Javier Milei,"Canal Oficial de Javier Milei
VLLC!

",https://www.youtube.com/@JavierMileiOK,Javier Milei - Videos,zcXRkg30bvI,https://www.youtube.com/watch?v=zcXRkg30bvI,"Entrevista a JAVIER MILEI desde Paris, Francia üá´üá∑","St√©phane G√®yres entrevista a Javier Milei. Moderador, Iaenzen Polimate.

""Javier Gerardo Milei es un economista, escritor, docente, locutor de radio, pol√≠tico y conferencista argentino....",2544.0,6617
UCwKZnJ48oXRCCGCQbL1BPSA,Javier Milei,"Canal Oficial de Javier Milei
VLLC!

",https://www.youtube.com/@JavierMileiOK,Javier Milei - Videos,3doxPUyqoHU,https://www.youtube.com/watch?v=3doxPUyqoHU,Javier Milei sobre CUBA - LN+ (11/07/21),"#Milei2021‚Äã‚Äã
#MileiDiputado
S√≠ganme en mis redes hacia la libertad.
Twitter: https://twitter.com/JMilei‚Äã‚Äã‚Äã
Instagram: https://www.instagram.com/javiermilei
Af√≠liate al Partido libertari...",1469.0,4871
UCwKZnJ48oXRCCGCQbL1BPSA,Javier Milei,"Canal Oficial de Javier Milei
VLLC!

",https://www.youtube.com/@JavierMileiOK,Javier Milei - Videos,Gwedr0UI1Z0,https://www.youtube.com/watch?v=Gwedr0UI1Z0,Javier Milei LN+ (24-06-2021),"#Milei2021‚Äã‚Äã
#MileiDiputado
S√≠ganme en mis redes hacia la libertad.
Twitter: https://twitter.com/JMilei‚Äã‚Äã‚Äã
Instagram: https://www.instagram.com/javiermilei
Af√≠liate al Partido libertari...",970.0,1955
UCwKZnJ48oXRCCGCQbL1BPSA,Javier Milei,"Canal Oficial de Javier Milei
VLLC!

",https://www.youtube.com/@JavierMileiOK,Javier Milei - Videos,gcO1HOqI2Fg,https://www.youtube.com/watch?v=gcO1HOqI2Fg,Javier Milei con Nicolas Wi√±azki en TN (22-06-2021),"#Milei2021‚Äã‚Äã
#MileiDiputado
S√≠ganme en mis redes hacia la libertad.
Twitter: https://twitter.com/JMilei‚Äã‚Äã‚Äã
Instagram: https://www.instagram.com/javiermilei
Af√≠liate al Partido libertari...",3158.0,1405
UCwKZnJ48oXRCCGCQbL1BPSA,Javier Milei,"Canal Oficial de Javier Milei
VLLC!

",https://www.youtube.com/@JavierMileiOK,Javier Milei - Videos,GMCiE7mtq4E,https://www.youtube.com/watch?v=GMCiE7mtq4E,Javier Milei con Viviana Canosa - (15/06/2021),"#Milei2021‚Äã‚Äã
S√≠ganme en mis redes hacia la libertad.
Twitter: https://twitter.com/JMilei‚Äã‚Äã‚Äã
Instagram: https://www.instagram.com/javiermilei
Af√≠liate al Partido libertario CABA...",2176.0,2056
UCwKZnJ48oXRCCGCQbL1BPSA,Javier Milei,"Canal Oficial de Javier Milei
VLLC!

",https://www.youtube.com/@JavierMileiOK,Javier Milei - Videos,Qu1ZAQVqQZ4,https://www.youtube.com/watch?v=Qu1ZAQVqQZ4,Economia y Real Estate con Javier Milei - (10/06/21),"#Milei2021‚Äã‚Äã
S√≠ganme en mis redes hacia la libertad.
Twitter: https://twitter.com/JMilei‚Äã‚Äã‚Äã
Instagram: https://www.instagram.com/javiermilei
Af√≠liate al Partido libertario CABA...",3350.0,3610
UCwKZnJ48oXRCCGCQbL1BPSA,Javier Milei,"Canal Oficial de Javier Milei
VLLC!

",https://www.youtube.com/@JavierMileiOK,Javier Milei - Videos,5_TAbdQvQWA,https://www.youtube.com/watch?v=5_TAbdQvQWA,Javier Milei en La Puerta Abierta - Canal Luz (10/05/21),"#Milei2021‚Äã‚Äã
S√≠ganme en mis redes hacia la libertad.
Twitter: https://twitter.com/JMilei‚Äã‚Äã‚Äã
Instagram: https://www.instagram.com/javiermilei
Af√≠liate al Partido libertario CABA...",3471.0,4031
UCwKZnJ48oXRCCGCQbL1BPSA,Javier Milei,"Canal Oficial de Javier Milei
VLLC!

",https://www.youtube.com/@JavierMileiOK,Javier Milei - Videos,eqn0E9Xu3Mw,https://www.youtube.com/watch?v=eqn0E9Xu3Mw,CanalLUZ - La Puerta Abierta entrevista a Javier Milei (9/06/2021),"#Milei2021‚Äã‚Äã
S√≠ganme en mis redes hacia la libertad.
Twitter: https://twitter.com/JMilei‚Äã‚Äã‚Äã
Instagram: https://www.instagram.com/javiermilei
Af√≠liate al Partido libertario CABA...",3403.0,2806
UCwKZnJ48oXRCCGCQbL1BPSA,Javier Milei,"Canal Oficial de Javier Milei
VLLC!

",https://www.youtube.com/@JavierMileiOK,Javier Milei - Videos,q-RhTTJPMkw,https://www.youtube.com/watch?v=q-RhTTJPMkw,Actualidad Inmobiliaria con Javier Milei en Canal Metro (5/6/2021),"#Milei2021‚Äã‚Äã
S√≠ganme en mis redes hacia la libertad.
Twitter: https://twitter.com/JMilei‚Äã‚Äã‚Äã
Instagram: https://www.instagram.com/javiermilei
Af√≠liate al Partido libertario CABA...",1355.0,2581
UCwKZnJ48oXRCCGCQbL1BPSA,Javier Milei,"Canal Oficial de Javier Milei
VLLC!

",https://www.youtube.com/@JavierMileiOK,Javier Milei - Videos,3xzn5lzENqo,https://www.youtube.com/watch?v=3xzn5lzENqo,2021 06 06 Javier Milei Cr√≥nica,"Javier Milei en Cr√≥nica TV.
Programa 06/06/2021

#Milei2021‚Äã‚Äã
S√≠ganme en mis redes hacia la libertad.
Twitter: https://twitter.com/JMilei‚Äã‚Äã‚Äã
Instagram: https://www.instagram.com/javierm...",1249.0,3323
UCwKZnJ48oXRCCGCQbL1BPSA,Javier Milei,"Canal Oficial de Javier Milei
VLLC!

",https://www.youtube.com/@JavierMileiOK,Javier Milei - Videos,rvN-_Qjh_-I,https://www.youtube.com/watch?v=rvN-_Qjh_-I,"""MACRI LE MIENTE A LA GENTE EN LA CARA!"" - Javier Milei con Viviana Canosa (31/05/21)","Javier Milei con Viviana Canosa en Viviana con Vos.
Programa 31/05/2021

#Milei2021‚Äã‚Äã
S√≠ganme en mis redes hacia la libertad.
Twitter: https://twitter.com/JMilei‚Äã‚Äã‚Äã
Instagram: https://ww...",2654.0,3213
UCwKZnJ48oXRCCGCQbL1BPSA,Javier Milei,"Canal Oficial de Javier Milei
VLLC!

",https://www.youtube.com/@JavierMileiOK,Javier Milei - Videos,mbSw5sYwV-Y,https://www.youtube.com/watch?v=mbSw5sYwV-Y,Lord Marcos Yoel Freue entrevist√≥ a Javier Milei #Milei2021,"Suscrib√≠te a mi canal para una Argentina libre!

#Milei2021‚Äã‚Äã
S√≠ganme en mis redes hacia la libertad.
Twitter: https://twitter.com/JMilei‚Äã‚Äã‚Äã
Instagram: https://www.instagram.com/javierm...",4405.0,2485
UCwKZnJ48oXRCCGCQbL1BPSA,Javier Milei,"Canal Oficial de Javier Milei
VLLC!

",https://www.youtube.com/@JavierMileiOK,Javier Milei - Videos,1qSA2IL96Uo,https://www.youtube.com/watch?v=1qSA2IL96Uo,"""NO SOY PARTE DE LA CLASE POLITICA"" - Javier Milei (03/05/2021)","Javier Milei con Viviana Canosa en Viviana con Vos.
Programa 03/05/2021

#Milei2021‚Äã‚Äã
S√≠ganme en mis redes hacia la libertad.
Twitter: https://twitter.com/JMilei‚Äã‚Äã‚Äã
Instagram: https://ww...",3074.0,2737
UCwKZnJ48oXRCCGCQbL1BPSA,Javier Milei,"Canal Oficial de Javier Milei
VLLC!

",https://www.youtube.com/@JavierMileiOK,Javier Milei - Videos,3JlWV8RCR1g,https://www.youtube.com/watch?v=3JlWV8RCR1g,Javier Milei en Paraguay - Libres para Elegir (02/05/21),"Javier Milei explica la situaci√≥n econ√≥mica en Argentina y deja una advertencia al pa√≠s vecino si decide seguir el mismo camino.

#Milei2021‚Äã
S√≠ganme en mis redes hacia la libertad.
Twitter:...",2940.0,4705
UCwKZnJ48oXRCCGCQbL1BPSA,Javier Milei,"Canal Oficial de Javier Milei
VLLC!

",https://www.youtube.com/@JavierMileiOK,Javier Milei - Videos,MV2z-SwdOlk,https://www.youtube.com/watch?v=MV2z-SwdOlk,Javier Milei con Novaresio -  Dicho Esto (12/03/2021),"#Milei2021
https://twitter.com/JMilei‚Äã
https://www.instagram.com/javiermilei",1781.0,2062
UCwKZnJ48oXRCCGCQbL1BPSA,Javier Milei,"Canal Oficial de Javier Milei
VLLC!

",https://www.youtube.com/@JavierMileiOK,Javier Milei - Videos,CKzwGJ8EP10,https://www.youtube.com/watch?v=CKzwGJ8EP10,Javier Milei mano a mano con Viviana Canosa  (30/03/2021),,3368.0,4793
UCwKZnJ48oXRCCGCQbL1BPSA,Javier Milei,"Canal Oficial de Javier Milei
VLLC!

",https://www.youtube.com/@JavierMileiOK,Javier Milei - Videos,KfqK4tJe3GI,https://www.youtube.com/watch?v=KfqK4tJe3GI,En vivo con Jos√© Luis Espert y Luis Rosales #VivaLaLibertadCarajo,,4415.0,3744
UCwKZnJ48oXRCCGCQbL1BPSA,Javier Milei,"Canal Oficial de Javier Milei
VLLC!

",https://www.youtube.com/@JavierMileiOK,Javier Milei - Videos,XnPLcyT2Suk,https://www.youtube.com/watch?v=XnPLcyT2Suk,"Javier Milei en LN+ - ""Es factible una hiperinflaci√≥n""","Javier Milei en @lanacion 
Programa 21/03/2021
-
Redes Oficiales:
Instagram: @javiermilei
Twitter: @JMilei",2074.0,5066
UCwKZnJ48oXRCCGCQbL1BPSA,Javier Milei,"Canal Oficial de Javier Milei
VLLC!

",https://www.youtube.com/@JavierMileiOK,Javier Milei - Videos,l5yBvDRgxho,https://www.youtube.com/watch?v=l5yBvDRgxho,Javier Milei:  Alberto Fernandez esta cada dia mas ignorante y totalitario,"Este video estaba como borrador desde la semana pasada y aparentemente por eso Youtube nos permite publicarlo.. pero por ahora estamos inhibidos de hacer vivos o subir nuevo material. 

La...",3355.0,5810
UCwKZnJ48oXRCCGCQbL1BPSA,Javier Milei,"Canal Oficial de Javier Milei
VLLC!

",https://www.youtube.com/@JavierMileiOK,Javier Milei - Videos,g-aSzkxdBac,https://www.youtube.com/watch?v=g-aSzkxdBac,"""Alberto Fernandez es un TIRANO"" - Entrevista a Javier Milei en LN +info",,964.0,3740
UCwKZnJ48oXRCCGCQbL1BPSA,Javier Milei,"Canal Oficial de Javier Milei
VLLC!

",https://www.youtube.com/@JavierMileiOK,Javier Milei - Videos,GrZU37hvJ-w,https://www.youtube.com/watch?v=GrZU37hvJ-w,"""Formosa es un testeo para llevarnos al comunismo"" Javier Milei en LN+ - 29/01/21","Javier Milei habla en LN+ sobre crisis en la econom√≠a, la salud, educaci√≥n, y violaciones de los derechos humanos. 

https://twitter.com/JMilei‚Äã
https://www.instagram.com/javiermilei",1954.0,3553
UCwKZnJ48oXRCCGCQbL1BPSA,Javier Milei,"Canal Oficial de Javier Milei
VLLC!

",https://www.youtube.com/@JavierMileiOK,Javier Milei - Videos,mETXAknR_4U,https://www.youtube.com/watch?v=mETXAknR_4U,Presentacion de Pandenomics,Hoy en vivo! Hotel GRACIAS a todos por venir!,1976.0,7912
UCwKZnJ48oXRCCGCQbL1BPSA,Javier Milei,"Canal Oficial de Javier Milei
VLLC!

",https://www.youtube.com/@JavierMileiOK,Javier Milei - Videos,jgP2_cCiZdY,https://www.youtube.com/watch?v=jgP2_cCiZdY,Javier Milei en LN+ #COMUNIDADdeNEGOCIOS 2020,"Javier Milei explica por qu√© y como se usa la cuarentena como un mecanismo de represi√≥n.
Por qu√© se avecina una profunda recesi√≥n.",906.0,2176
UCwKZnJ48oXRCCGCQbL1BPSA,Javier Milei,"Canal Oficial de Javier Milei
VLLC!

",https://www.youtube.com/@JavierMileiOK,Javier Milei - Videos,ocRmMJRP3Lc,https://www.youtube.com/watch?v=ocRmMJRP3Lc,Javier Milei  con Moria Casan - 16 Junio 2018  - Sexo T√°ntrico,"La famosa entrevista que tanto llam√≥ la atenci√≥n del p√∫blico femenino.
Compartila con tu amiga que tiene un novio zurdo!",1206.0,5183
UCwKZnJ48oXRCCGCQbL1BPSA,Javier Milei,"Canal Oficial de Javier Milei
VLLC!

",https://www.youtube.com/@JavierMileiOK,Javier Milei - Videos,mcmXV8JZXXI,https://www.youtube.com/watch?v=mcmXV8JZXXI,Javier Milei con Viviana Canosa 4 de Agosto - Nada Personal,"Tomado de:
https://www.youtube.com/watch?v=K4CMvjA4vJY
#Milei2021",3030.0,3103
UCwKZnJ48oXRCCGCQbL1BPSA,Javier Milei,"Canal Oficial de Javier Milei
VLLC!

",https://www.youtube.com/@JavierMileiOK,Javier Milei - Videos,SQzc4KQ1NIM,https://www.youtube.com/watch?v=SQzc4KQ1NIM,"Javier Milei - En Villa Devoto, Plaza Arenales. Testimonios y Esperanza","Cada vez m√°s gente se acerca a escuchar las ideas de la Libertad!
Dej√° en los comentarios como conociste a Javier Milei y sus ideas!
#Milei2021",923.0,9544
UCBUf2F_e0CIT1jHZpW8PG2w,Patricia Bullrich,"Bienvenidos a mi canal de YouTube.

Soy doctora en Ciencias Pol√≠ticas y precandidata a presidente de la Naci√≥n. Orgullosa de mis nietos. Con la fuerza que hace falta para ordenar el pa√≠s.",https://www.youtube.com/@PatriciaBullrich,Patricia Bullrich - Videos,68LMOUdzijE,https://www.youtube.com/watch?v=68LMOUdzijE,"Patricia Bullrich: ""No existe sociedad sin ley ni orden"" | LN+ | +VIVIANA","22/08/2023 | Patricia Bullrich en +VIVIANA (LN+), con la conducci√≥n de Viviana Canosa.",1173.0,3771
UCBUf2F_e0CIT1jHZpW8PG2w,Patricia Bullrich,"Bienvenidos a mi canal de YouTube.

Soy doctora en Ciencias Pol√≠ticas y precandidata a presidente de la Naci√≥n. Orgullosa de mis nietos. Con la fuerza que hace falta para ordenar el pa√≠s.",https://www.youtube.com/@PatriciaBullrich,Patricia Bullrich - Videos,-BQg_H1ZfBY,https://www.youtube.com/watch?v=-BQg_H1ZfBY,"Patricia Bullrich: ""Necesitamos orden y paz"" | TN | SOMOS BUENOS","22/08/2023 | Patricia Bullrich en SOMOS BUENOS (TN), con la conducci√≥n de Nicol√°s Wi√±azki.",2387.0,1301
UCBUf2F_e0CIT1jHZpW8PG2w,Patricia Bullrich,"Bienvenidos a mi canal de YouTube.

Soy doctora en Ciencias Pol√≠ticas y precandidata a presidente de la Naci√≥n. Orgullosa de mis nietos. Con la fuerza que hace falta para ordenar el pa√≠s.",https://www.youtube.com/@PatriciaBullrich,Patricia Bullrich - Videos,ZBpH_SO157w,https://www.youtube.com/watch?v=ZBpH_SO157w,"Patricia Bullrich: ""La Argentina necesita orden"" | LN+ | LA CORNISA","20/08/2023 | Patricia Bullrich en LA CORNISA (LN+), con la conducci√≥n de Luis Majul.",1757.0,6195
UCBUf2F_e0CIT1jHZpW8PG2w,Patricia Bullrich,"Bienvenidos a mi canal de YouTube.

Soy doctora en Ciencias Pol√≠ticas y precandidata a presidente de la Naci√≥n. Orgullosa de mis nietos. Con la fuerza que hace falta para ordenar el pa√≠s.",https://www.youtube.com/@PatriciaBullrich,Patricia Bullrich - Videos,zvR3Kez1vnQ,https://www.youtube.com/watch?v=zvR3Kez1vnQ,"Patricia Bullrich: ""Mostr√© que se puede tener decisi√≥n y firmeza"" | TN | A DOS VOCES","16/08/2023 | Patricia Bullrich en A DOS VOCES (TN), con la conducci√≥n de Marceo Bonelli y Edgardo Alfano.",1061.0,3554
UCBUf2F_e0CIT1jHZpW8PG2w,Patricia Bullrich,"Bienvenidos a mi canal de YouTube.

Soy doctora en Ciencias Pol√≠ticas y precandidata a presidente de la Naci√≥n. Orgullosa de mis nietos. Con la fuerza que hace falta para ordenar el pa√≠s.",https://www.youtube.com/@PatriciaBullrich,Patricia Bullrich - Videos,mAxq7xP7X3s,https://www.youtube.com/watch?v=mAxq7xP7X3s,"Patricia Bullrich: ""La gente eligi√≥ un cambio profundo"" | MITRE | LANATA SIN FILTRO","15/08/2023 | Patricia Bullrich en LANATA SIN FILTRO (RADIO MITRE), con la conducci√≥n de Jorge Lanata.",2531.0,1625
UCBUf2F_e0CIT1jHZpW8PG2w,Patricia Bullrich,"Bienvenidos a mi canal de YouTube.

Soy doctora en Ciencias Pol√≠ticas y precandidata a presidente de la Naci√≥n. Orgullosa de mis nietos. Con la fuerza que hace falta para ordenar el pa√≠s.",https://www.youtube.com/@PatriciaBullrich,Patricia Bullrich - Videos,oI99zbAF5xg,https://www.youtube.com/watch?v=oI99zbAF5xg,"Patricia Bullrich: ""Vamos a presentar un presupuesto con d√©ficit cero"" | LN+ | EL DIARIO DE LEUCO","15/08/2023 | Patricia Bullrich en EL DIAIRO DE LEUCO (LN+), con la conducci√≥n de Alfredo Leuco.",2701.0,2376
UCBUf2F_e0CIT1jHZpW8PG2w,Patricia Bullrich,"Bienvenidos a mi canal de YouTube.

Soy doctora en Ciencias Pol√≠ticas y precandidata a presidente de la Naci√≥n. Orgullosa de mis nietos. Con la fuerza que hace falta para ordenar el pa√≠s.",https://www.youtube.com/@PatriciaBullrich,Patricia Bullrich - Videos,Is0xM3aogPI,https://www.youtube.com/watch?v=Is0xM3aogPI,"Patricia Bullrich: ""JxC tiene una mirada m√°s institucional que la de Milei"" | TN | DESDE EL LLANO","14/08/2023 | Patricia Bullrich en DESDE EL LLANO (TN), con la conducci√≥n de Joaqu√≠n Morales Sol√°.",1519.0,4784
UCBUf2F_e0CIT1jHZpW8PG2w,Patricia Bullrich,"Bienvenidos a mi canal de YouTube.

Soy doctora en Ciencias Pol√≠ticas y precandidata a presidente de la Naci√≥n. Orgullosa de mis nietos. Con la fuerza que hace falta para ordenar el pa√≠s.",https://www.youtube.com/@PatriciaBullrich,Patricia Bullrich - Videos,h_sZCiyaDW4,https://www.youtube.com/watch?v=h_sZCiyaDW4,"Patricia Bullrich: ""Le voy a decir a la gente las cosas como son"" | LN+ | COMUNIDAD DE NEGOCIOS","06/08/2023 | Patricia Bullrich en COMUNIDAD DE NEGICIOS (LN+), con la conducci√≥n de Jos√© Del R√≠o.",1595.0,2000
UCBUf2F_e0CIT1jHZpW8PG2w,Patricia Bullrich,"Bienvenidos a mi canal de YouTube.

Soy doctora en Ciencias Pol√≠ticas y precandidata a presidente de la Naci√≥n. Orgullosa de mis nietos. Con la fuerza que hace falta para ordenar el pa√≠s.",https://www.youtube.com/@PatriciaBullrich,Patricia Bullrich - Videos,PEP30pecSDg,https://www.youtube.com/watch?v=PEP30pecSDg,"Patricia Bullrich en La Rural: ""El cepo es un pacman que se come las reservas""",24/07/2023 | Patricia Bullrich en el Debate de Precandidatos a Presidente de La Naci√≥n en el marco de la Exposici√≥n Rural Argentina 2023.,2100.0,7848
UCBUf2F_e0CIT1jHZpW8PG2w,Patricia Bullrich,"Bienvenidos a mi canal de YouTube.

Soy doctora en Ciencias Pol√≠ticas y precandidata a presidente de la Naci√≥n. Orgullosa de mis nietos. Con la fuerza que hace falta para ordenar el pa√≠s.",https://www.youtube.com/@PatriciaBullrich,Patricia Bullrich - Videos,8ABSy6wfSnU,https://www.youtube.com/watch?v=8ABSy6wfSnU,"Patricia Bullrich: ""Mi propuesta es de un cambio profundo"" | LA CRUEL VERDAD | A24","10/07/2023 | Patricia Bullrich en LA CRUEL VERDAD (A24), con la conducci√≥n de Esteban Trebucq.",1990.0,5970
UCBUf2F_e0CIT1jHZpW8PG2w,Patricia Bullrich,"Bienvenidos a mi canal de YouTube.

Soy doctora en Ciencias Pol√≠ticas y precandidata a presidente de la Naci√≥n. Orgullosa de mis nietos. Con la fuerza que hace falta para ordenar el pa√≠s.",https://www.youtube.com/@PatriciaBullrich,Patricia Bullrich - Videos,rncXQpFhm4Q,https://www.youtube.com/watch?v=rncXQpFhm4Q,"Patricia Bullrich y Carolina Losada en ""SOLO UNA VUELTA M√ÅS"" | TODO NOTICIAS","09/07/2023 | Patricia Bullrich en SOLO UNA VUELTA M√ÅS (TN), con la conducci√≥n de Diego Sehinkman.",1346.0,10419
UCBUf2F_e0CIT1jHZpW8PG2w,Patricia Bullrich,"Bienvenidos a mi canal de YouTube.

Soy doctora en Ciencias Pol√≠ticas y precandidata a presidente de la Naci√≥n. Orgullosa de mis nietos. Con la fuerza que hace falta para ordenar el pa√≠s.",https://www.youtube.com/@PatriciaBullrich,Patricia Bullrich - Videos,iWZtarvEDsY,https://www.youtube.com/watch?v=iWZtarvEDsY,"Patricia Bullrich: ""No vamos a retroceder ante los conflictos"" | LN+ | ODISEA ARGENTINA","03/07/2023 | Patricia Bullrich en ODISEA ARGENTINA (LN+), con la conducci√≥n de Carlos Pagni.",1844.0,6790
UCBUf2F_e0CIT1jHZpW8PG2w,Patricia Bullrich,"Bienvenidos a mi canal de YouTube.

Soy doctora en Ciencias Pol√≠ticas y precandidata a presidente de la Naci√≥n. Orgullosa de mis nietos. Con la fuerza que hace falta para ordenar el pa√≠s.",https://www.youtube.com/@PatriciaBullrich,Patricia Bullrich - Videos,5lYSBtGFsWY,https://www.youtube.com/watch?v=5lYSBtGFsWY,"Patricia Bullrich en el XVI Foro Atl√°ntico: ""Iberoam√©rica: Democracia y Libertad""","30/06/2023 | Intervenci√≥n de Patricia Bullrich y Mar√≠a Corina Machado en el XVI Foro Atl√°ntico: ""Iberoam√©rica: Democracia y Libertad"" de la Fundaci√≥n Internacional para la Libertad, moderada...",3326.0,3965
UCBUf2F_e0CIT1jHZpW8PG2w,Patricia Bullrich,"Bienvenidos a mi canal de YouTube.

Soy doctora en Ciencias Pol√≠ticas y precandidata a presidente de la Naci√≥n. Orgullosa de mis nietos. Con la fuerza que hace falta para ordenar el pa√≠s.",https://www.youtube.com/@PatriciaBullrich,Patricia Bullrich - Videos,Hmz69eiiWwY,https://www.youtube.com/watch?v=Hmz69eiiWwY,"Patricia Bullrich: ""El cambio no se negocia"" | LN+ |  EL DIARIO DE LEUCO","29/06/2023 | Patricia Bullrich en EL DIARIO DE LEUCO (LN+), con la conducci√≥n de Alfredo Leuco.",2496.0,1365
UCBUf2F_e0CIT1jHZpW8PG2w,Patricia Bullrich,"Bienvenidos a mi canal de YouTube.

Soy doctora en Ciencias Pol√≠ticas y precandidata a presidente de la Naci√≥n. Orgullosa de mis nietos. Con la fuerza que hace falta para ordenar el pa√≠s.",https://www.youtube.com/@PatriciaBullrich,Patricia Bullrich - Videos,p-HrtFQw8i8,https://www.youtube.com/watch?v=p-HrtFQw8i8,"Esteban Wolf, precandidato a diputado nacional: Por qu√© quedarse y emprender en Argentina",Esteban Wolf es empresario y emprendedor. Hoy es uno de nuestros precandidatos a diputado nacional por La Fuerza del Cambio en CABA.,1784.0,344
UCBUf2F_e0CIT1jHZpW8PG2w,Patricia Bullrich,"Bienvenidos a mi canal de YouTube.

Soy doctora en Ciencias Pol√≠ticas y precandidata a presidente de la Naci√≥n. Orgullosa de mis nietos. Con la fuerza que hace falta para ordenar el pa√≠s.",https://www.youtube.com/@PatriciaBullrich,Patricia Bullrich - Videos,7JGzTNzlP84,https://www.youtube.com/watch?v=7JGzTNzlP84,"Patricia Bullrich: ""El incendiario se postula como bombero"" | LN+ | +VIVIANA","23/06/2023 | Patricia Bullrich en +VIVIANA (LN+), con la conducci√≥n de Viviana Canosa.",1640.0,3856
UCBUf2F_e0CIT1jHZpW8PG2w,Patricia Bullrich,"Bienvenidos a mi canal de YouTube.

Soy doctora en Ciencias Pol√≠ticas y precandidata a presidente de la Naci√≥n. Orgullosa de mis nietos. Con la fuerza que hace falta para ordenar el pa√≠s.",https://www.youtube.com/@PatriciaBullrich,Patricia Bullrich - Videos,NW2vSPOHPHc,https://www.youtube.com/watch?v=NW2vSPOHPHc,"Patricia Bullrich: ""No nos vamos a dejar correr"" | LN+ | + NACI√ìN","22/06/23 | Patricia Bullrich en + NACI√ìN (LN+), con la conducci√≥n de Luis Majul.",1229.0,8349
UCBUf2F_e0CIT1jHZpW8PG2w,Patricia Bullrich,"Bienvenidos a mi canal de YouTube.

Soy doctora en Ciencias Pol√≠ticas y precandidata a presidente de la Naci√≥n. Orgullosa de mis nietos. Con la fuerza que hace falta para ordenar el pa√≠s.",https://www.youtube.com/@PatriciaBullrich,Patricia Bullrich - Videos,FpxghsYk5SM,https://www.youtube.com/watch?v=FpxghsYk5SM,Patricia Bullrich en #LaEntrevistaInformal | INFOBAE,,2002.0,1695
UCBUf2F_e0CIT1jHZpW8PG2w,Patricia Bullrich,"Bienvenidos a mi canal de YouTube.

Soy doctora en Ciencias Pol√≠ticas y precandidata a presidente de la Naci√≥n. Orgullosa de mis nietos. Con la fuerza que hace falta para ordenar el pa√≠s.",https://www.youtube.com/@PatriciaBullrich,Patricia Bullrich - Videos,h7QDCf0NKBc,https://www.youtube.com/watch?v=h7QDCf0NKBc,"Patricia Bullrich: ""Tengo autoridad y car√°cter para llevar adelante el gobierno"" | MITRE | #ATQD","22/06/23 | Patricia Bullrich en ALGUIEN TIENE QUE DECIRLO (RADIO MITRE), con la conducci√≥n de Eduardo Feinmann.",2838.0,4056
UCBUf2F_e0CIT1jHZpW8PG2w,Patricia Bullrich,"Bienvenidos a mi canal de YouTube.

Soy doctora en Ciencias Pol√≠ticas y precandidata a presidente de la Naci√≥n. Orgullosa de mis nietos. Con la fuerza que hace falta para ordenar el pa√≠s.",https://www.youtube.com/@PatriciaBullrich,Patricia Bullrich - Videos,oW9STeAI8O4,https://www.youtube.com/watch?v=oW9STeAI8O4,"Patricia Bullrich: ‚ÄúVamos a necesitar al pueblo argentino decidido a defender el cambio como nunca""","15/0/23 | Patricia Bullrich, N√©stor Grindetti y Cristian Ritondo en + MMC (A24), con la conducci√≥n de Maximiliano Montenegro.",1115.0,1819
UCBUf2F_e0CIT1jHZpW8PG2w,Patricia Bullrich,"Bienvenidos a mi canal de YouTube.

Soy doctora en Ciencias Pol√≠ticas y precandidata a presidente de la Naci√≥n. Orgullosa de mis nietos. Con la fuerza que hace falta para ordenar el pa√≠s.",https://www.youtube.com/@PatriciaBullrich,Patricia Bullrich - Videos,IaIBh8VWsOM,https://www.youtube.com/watch?v=IaIBh8VWsOM,"Patricia Bullrich: ""Vamos cambiar los planes sociales por trabajo"" | + NOTICIAS | LN+","08/06/23 | Patricia Bullrich en + NOTICIAS (LA NACI√ìN +), con la conducci√≥n de Mar√≠a Laura Santill√°n.",2317.0,1730
UCBUf2F_e0CIT1jHZpW8PG2w,Patricia Bullrich,"Bienvenidos a mi canal de YouTube.

Soy doctora en Ciencias Pol√≠ticas y precandidata a presidente de la Naci√≥n. Orgullosa de mis nietos. Con la fuerza que hace falta para ordenar el pa√≠s.",https://www.youtube.com/@PatriciaBullrich,Patricia Bullrich - Videos,2x6hE7OKtpk,https://www.youtube.com/watch?v=2x6hE7OKtpk,"Patricia Bullrich y N√©stor Grindetti: ""Necesitamos un cambio profundo, no a medias"" | A DOS VOCES","07/06/23 | Patricia Bullrich en A DOS VOCES (TODO NOTICIAS), con la conducci√≥n de Marcelo Bonelli y Edgardo Alfano.",945.0,1639
UCBUf2F_e0CIT1jHZpW8PG2w,Patricia Bullrich,"Bienvenidos a mi canal de YouTube.

Soy doctora en Ciencias Pol√≠ticas y precandidata a presidente de la Naci√≥n. Orgullosa de mis nietos. Con la fuerza que hace falta para ordenar el pa√≠s.",https://www.youtube.com/@PatriciaBullrich,Patricia Bullrich - Videos,VyeFN12sAOk,https://www.youtube.com/watch?v=VyeFN12sAOk,"Patricia Bullrich: ""Soy una luchadora decidida a cambiar el pa√≠s"" | LN+ | + ENTREVISTAS","01/06/23 | Patricia Bullrich en + ENTREVISTAS (LN+), con la conducci√≥n de Luis Novaresio.",3276.0,3676
UCBUf2F_e0CIT1jHZpW8PG2w,Patricia Bullrich,"Bienvenidos a mi canal de YouTube.

Soy doctora en Ciencias Pol√≠ticas y precandidata a presidente de la Naci√≥n. Orgullosa de mis nietos. Con la fuerza que hace falta para ordenar el pa√≠s.",https://www.youtube.com/@PatriciaBullrich,Patricia Bullrich - Videos,rweFpSp1h_s,https://www.youtube.com/watch?v=rweFpSp1h_s,"Patricia Bullrich: ""Necesitamos liderazgo de convicci√≥n, no de marketing"" | TN | VERDAD CONSECUENCIA","01/06/23 | Patricia Bullrich en VERDAD CONSECUENCIA (TODO NOTICIAS), con la conducci√≥n de Luciana Geuna y Maru Duffard.",1389.0,2401
UCBUf2F_e0CIT1jHZpW8PG2w,Patricia Bullrich,"Bienvenidos a mi canal de YouTube.

Soy doctora en Ciencias Pol√≠ticas y precandidata a presidente de la Naci√≥n. Orgullosa de mis nietos. Con la fuerza que hace falta para ordenar el pa√≠s.",https://www.youtube.com/@PatriciaBullrich,Patricia Bullrich - Videos,da4CKgk-qHI,https://www.youtube.com/watch?v=da4CKgk-qHI,"Patricia Bullrich: ""En la Argentina que yo conduzca no habr√° ning√∫n intocable"" | M√°s Noticias | LN+","27/05/23 | Patricia Bullrich en ""M√ÅS NOTICIAS S√ÅBADO"" (LN+), con la conducci√≥n de Hugo Macchiavelli.

Entrevista completa.",2246.0,3868
UCBUf2F_e0CIT1jHZpW8PG2w,Patricia Bullrich,"Bienvenidos a mi canal de YouTube.

Soy doctora en Ciencias Pol√≠ticas y precandidata a presidente de la Naci√≥n. Orgullosa de mis nietos. Con la fuerza que hace falta para ordenar el pa√≠s.",https://www.youtube.com/@PatriciaBullrich,Patricia Bullrich - Videos,hzRcGaxptJw,https://www.youtube.com/watch?v=hzRcGaxptJw,"Patricia Bullrich: ""En una crisis se elige a quien pone coraje para salir"" | PERIODISMO PURO | NET","21/05/23 | Patricia Bullrich en ""PERIODISMO PURO"" (NET), con la conducci√≥n de Jorge Fontevecchia.",3341.0,3856
UCBUf2F_e0CIT1jHZpW8PG2w,Patricia Bullrich,"Bienvenidos a mi canal de YouTube.

Soy doctora en Ciencias Pol√≠ticas y precandidata a presidente de la Naci√≥n. Orgullosa de mis nietos. Con la fuerza que hace falta para ordenar el pa√≠s.",https://www.youtube.com/@PatriciaBullrich,Patricia Bullrich - Videos,yjt3OpdPb-w,https://www.youtube.com/watch?v=yjt3OpdPb-w,"Patricia Bullrich: ""Basta del sindicalismo chorro"" | LN + | + REALIDAD","18/05/23 | Patricia Bullrich en ""+ REALIDAD"" (LA NACI√ìN +), con la conducci√≥n de Jonatan Viale.

Entrevista completa.",1655.0,1001
UCBUf2F_e0CIT1jHZpW8PG2w,Patricia Bullrich,"Bienvenidos a mi canal de YouTube.

Soy doctora en Ciencias Pol√≠ticas y precandidata a presidente de la Naci√≥n. Orgullosa de mis nietos. Con la fuerza que hace falta para ordenar el pa√≠s.",https://www.youtube.com/@PatriciaBullrich,Patricia Bullrich - Videos,VENMPdWI22s,https://www.youtube.com/watch?v=VENMPdWI22s,"Patricia Bullrich: ""Argentina necesita cambios que requieren fuerza y coraje"" | BLOOMBERG EN ESPA√ëOL","Patricia Bullrich, junto a Alberto Fohrig, entrevistada por Carolina Millan y Patrick Gillespie para BLOOMBERG EN ESPA√ëOL.",2079.0,796
UCBUf2F_e0CIT1jHZpW8PG2w,Patricia Bullrich,"Bienvenidos a mi canal de YouTube.

Soy doctora en Ciencias Pol√≠ticas y precandidata a presidente de la Naci√≥n. Orgullosa de mis nietos. Con la fuerza que hace falta para ordenar el pa√≠s.",https://www.youtube.com/@PatriciaBullrich,Patricia Bullrich - Videos,lautH1EoKV0,https://www.youtube.com/watch?v=lautH1EoKV0,"Patricia Bullrich: ""La sociedad est√° pidiendo orden y paz"" | LA NACI√ìN + | + VIVIANA","10/05/23 | Patricia Bullrich en ""+ VIVIANA"" (LA NACI√ìN +), con la conducci√≥n de Viviana Canosa.
Entrevista completa.",1395.0,1018
UCBUf2F_e0CIT1jHZpW8PG2w,Patricia Bullrich,"Bienvenidos a mi canal de YouTube.

Soy doctora en Ciencias Pol√≠ticas y precandidata a presidente de la Naci√≥n. Orgullosa de mis nietos. Con la fuerza que hace falta para ordenar el pa√≠s.",https://www.youtube.com/@PatriciaBullrich,Patricia Bullrich - Videos,CPH-Eqh1_iw,https://www.youtube.com/watch?v=CPH-Eqh1_iw,"Patricia Bullrich: ""El discurso de Cristina es pura ficci√≥n"" | LA NACI√ìN + | + REALIDAD","27/04/23 | Patricia Bullrich en + Realidad (La Naci√≥n +), con la conducci√≥n de Jonatan Viale. (Entrevista completa)",1289.0,412
UCBUf2F_e0CIT1jHZpW8PG2w,Patricia Bullrich,"Bienvenidos a mi canal de YouTube.

Soy doctora en Ciencias Pol√≠ticas y precandidata a presidente de la Naci√≥n. Orgullosa de mis nietos. Con la fuerza que hace falta para ordenar el pa√≠s.",https://www.youtube.com/@PatriciaBullrich,Patricia Bullrich - Videos,jOXxwT_AXoM,https://www.youtube.com/watch?v=jOXxwT_AXoM,209¬∞ ANIVERSARIO DE PREFECTURA NAVAL ARGENTINA,,1726.0,56
UCBUf2F_e0CIT1jHZpW8PG2w,Patricia Bullrich,"Bienvenidos a mi canal de YouTube.

Soy doctora en Ciencias Pol√≠ticas y precandidata a presidente de la Naci√≥n. Orgullosa de mis nietos. Con la fuerza que hace falta para ordenar el pa√≠s.",https://www.youtube.com/@PatriciaBullrich,Patricia Bullrich - Videos,uop642l5xWQ,https://www.youtube.com/watch?v=uop642l5xWQ,80¬∞ ANIVERSARIO DE GENDARMERIA NACIONAL,,1688.0,67
UCBUf2F_e0CIT1jHZpW8PG2w,Patricia Bullrich,"Bienvenidos a mi canal de YouTube.

Soy doctora en Ciencias Pol√≠ticas y precandidata a presidente de la Naci√≥n. Orgullosa de mis nietos. Con la fuerza que hace falta para ordenar el pa√≠s.",https://www.youtube.com/@PatriciaBullrich,Patricia Bullrich - Videos,XDYzenLBgdI,https://www.youtube.com/watch?v=XDYzenLBgdI,Entrevista en Canal 13 de La Rioja,"Medio: Canal 13 de La Rioja.
Fecha:24/06/2016.",1016.0,98
UCBUf2F_e0CIT1jHZpW8PG2w,Patricia Bullrich,"Bienvenidos a mi canal de YouTube.

Soy doctora en Ciencias Pol√≠ticas y precandidata a presidente de la Naci√≥n. Orgullosa de mis nietos. Con la fuerza que hace falta para ordenar el pa√≠s.",https://www.youtube.com/@PatriciaBullrich,Patricia Bullrich - Videos,RDJ_Q9kHP8s,https://www.youtube.com/watch?v=RDJ_Q9kHP8s,Patricia Bullrich en Minuto Uno [29/09/2015] P1,"Programa: Minuto Uno.
Conducci√≥n: Mauro Federico y Alejandro Bercovich.
Medio: C5N.
Fecha: 29/09/2015.",915.0,71
UCBUf2F_e0CIT1jHZpW8PG2w,Patricia Bullrich,"Bienvenidos a mi canal de YouTube.

Soy doctora en Ciencias Pol√≠ticas y precandidata a presidente de la Naci√≥n. Orgullosa de mis nietos. Con la fuerza que hace falta para ordenar el pa√≠s.",https://www.youtube.com/@PatriciaBullrich,Patricia Bullrich - Videos,oAixUJuNmUI,https://www.youtube.com/watch?v=oAixUJuNmUI,Patricia Bullrich en Desde el llano [07/09/2015] P1,"Tema: El sistema electoral de cara a octubre.
Programa: Desde el llano.
Conducci√≥n: Joaqu√≠n Morales Sol√°.
Medio: Todo Noticias.
Fecha: 07/09/2015.",1233.0,71
UCBUf2F_e0CIT1jHZpW8PG2w,Patricia Bullrich,"Bienvenidos a mi canal de YouTube.

Soy doctora en Ciencias Pol√≠ticas y precandidata a presidente de la Naci√≥n. Orgullosa de mis nietos. Con la fuerza que hace falta para ordenar el pa√≠s.",https://www.youtube.com/@PatriciaBullrich,Patricia Bullrich - Videos,VNjhq61yCgs,https://www.youtube.com/watch?v=VNjhq61yCgs,"Patricia Bullrich en Mauro, La pura verdad [28/08/2015]","Tema: Caso Nisman. Indagatoria a la Familia del fiscal Nisman y a Diego Lagomarsino. Elecciones presidenciales. 
Programa: Mauro, La pura verdad.
Conducci√≥n: Mauro Viale.
Medio: A24.
Fecha:...",1489.0,212
UCBUf2F_e0CIT1jHZpW8PG2w,Patricia Bullrich,"Bienvenidos a mi canal de YouTube.

Soy doctora en Ciencias Pol√≠ticas y precandidata a presidente de la Naci√≥n. Orgullosa de mis nietos. Con la fuerza que hace falta para ordenar el pa√≠s.",https://www.youtube.com/@PatriciaBullrich,Patricia Bullrich - Videos,hLrnzID9W5o,https://www.youtube.com/watch?v=hLrnzID9W5o,Patricia Bullrich en Minuto Uno [25/08/2015],"Temas: Esc√°ndalo pol√≠tico, represi√≥n en Tucum√°n y sistema electoral argentino.
Programa: Minuto Uno.
Conducci√≥n: Gustavo Sylvestre.
Medio: C5N.
Fecha: 25/08/2015.",3517.0,145
UCBUf2F_e0CIT1jHZpW8PG2w,Patricia Bullrich,"Bienvenidos a mi canal de YouTube.

Soy doctora en Ciencias Pol√≠ticas y precandidata a presidente de la Naci√≥n. Orgullosa de mis nietos. Con la fuerza que hace falta para ordenar el pa√≠s.",https://www.youtube.com/@PatriciaBullrich,Patricia Bullrich - Videos,uUOJmiI-ajc,https://www.youtube.com/watch?v=uUOJmiI-ajc,Patricia Bullrich en Minuto Uno [18/08/2015] 1,"Programa: Minuto uno.
Conducci√≥n: Gustavo Sylvestre.
Medio: C5N.
Fecha: 18/08/2015.",2260.0,72
UCBUf2F_e0CIT1jHZpW8PG2w,Patricia Bullrich,"Bienvenidos a mi canal de YouTube.

Soy doctora en Ciencias Pol√≠ticas y precandidata a presidente de la Naci√≥n. Orgullosa de mis nietos. Con la fuerza que hace falta para ordenar el pa√≠s.",https://www.youtube.com/@PatriciaBullrich,Patricia Bullrich - Videos,s1dGrPyZdyU,https://www.youtube.com/watch?v=s1dGrPyZdyU,Patricia Bullrich en Minuto Uno [22/07/2015],"Tema: Elecci√≥n 2015, la carrera por la Rosada.
Programa: Minuto Uno.
Conducci√≥n: Gustavo Sylvestre.
Medio: C5N.
Fecha: 22/07/2015.",2696.0,223
UCBUf2F_e0CIT1jHZpW8PG2w,Patricia Bullrich,"Bienvenidos a mi canal de YouTube.

Soy doctora en Ciencias Pol√≠ticas y precandidata a presidente de la Naci√≥n. Orgullosa de mis nietos. Con la fuerza que hace falta para ordenar el pa√≠s.",https://www.youtube.com/@PatriciaBullrich,Patricia Bullrich - Videos,0CihZxEeh2M,https://www.youtube.com/watch?v=0CihZxEeh2M,Patricia Bullrich en Hora Clave [07/07/2015],"Programa: Hora Clave.
Conducci√≥n: Pablo Rossi.
Medio: Canal 26. 
Fecha: 07/07/2015.",1481.0,59
UCBUf2F_e0CIT1jHZpW8PG2w,Patricia Bullrich,"Bienvenidos a mi canal de YouTube.

Soy doctora en Ciencias Pol√≠ticas y precandidata a presidente de la Naci√≥n. Orgullosa de mis nietos. Con la fuerza que hace falta para ordenar el pa√≠s.",https://www.youtube.com/@PatriciaBullrich,Patricia Bullrich - Videos,PJuW1NGn9nI,https://www.youtube.com/watch?v=PJuW1NGn9nI,Patricia Bullrich en Dady TV [01/07/2015],"Programa: Dady TV.
Conducci√≥n: Dady Brieva.
Medio: CN23. 
Fecha: 01/07/2015.",1777.0,78
UCBUf2F_e0CIT1jHZpW8PG2w,Patricia Bullrich,"Bienvenidos a mi canal de YouTube.

Soy doctora en Ciencias Pol√≠ticas y precandidata a presidente de la Naci√≥n. Orgullosa de mis nietos. Con la fuerza que hace falta para ordenar el pa√≠s.",https://www.youtube.com/@PatriciaBullrich,Patricia Bullrich - Videos,cnCMSHVN9FE,https://www.youtube.com/watch?v=cnCMSHVN9FE,Patricia Bullrich en Hora Clave,"Temas: Presentaci√≥n del libro ""Desarticulaci√≥n y Hegemon√≠a"", inflaci√≥n, IPC Congreso, etc. 
Progema: Hora Clave.
Conducci√≥n: Mariano Grondona.
Medio: Canal 26.
Fecha: 14/12/2014. 

",1146.0,102
UCBUf2F_e0CIT1jHZpW8PG2w,Patricia Bullrich,"Bienvenidos a mi canal de YouTube.

Soy doctora en Ciencias Pol√≠ticas y precandidata a presidente de la Naci√≥n. Orgullosa de mis nietos. Con la fuerza que hace falta para ordenar el pa√≠s.",https://www.youtube.com/@PatriciaBullrich,Patricia Bullrich - Videos,4d8n88kwaf0,https://www.youtube.com/watch?v=4d8n88kwaf0,Reforma del C√≥digo Procesal Penal,Sesi√≥n de la HCDN del 4 de diciembre de 2014.,1171.0,69
UCBUf2F_e0CIT1jHZpW8PG2w,Patricia Bullrich,"Bienvenidos a mi canal de YouTube.

Soy doctora en Ciencias Pol√≠ticas y precandidata a presidente de la Naci√≥n. Orgullosa de mis nietos. Con la fuerza que hace falta para ordenar el pa√≠s.",https://www.youtube.com/@PatriciaBullrich,Patricia Bullrich - Videos,RHozVCWk9YY,https://www.youtube.com/watch?v=RHozVCWk9YY,Patricia Bullrich en Minuto Uno,"Temas: industria automotriz, inflaci√≥n, consumo y perdida de recursos.
Programa: Minuto uno.
Conducci√≥n: Gustavo Sylvestre.
Medio: C5N.
Fecha: 10/9/2014.",3150.0,180
UCBUf2F_e0CIT1jHZpW8PG2w,Patricia Bullrich,"Bienvenidos a mi canal de YouTube.

Soy doctora en Ciencias Pol√≠ticas y precandidata a presidente de la Naci√≥n. Orgullosa de mis nietos. Con la fuerza que hace falta para ordenar el pa√≠s.",https://www.youtube.com/@PatriciaBullrich,Patricia Bullrich - Videos,sg-km3upv90,https://www.youtube.com/watch?v=sg-km3upv90,"Panel ""Instituciones y Democracia: El rol del parlamentario""","Patricia Bullrich, en Caracas, durante su exposici√≥n en foro ""Am√©rica Latina, la libertad es el futuro"". Evento que form√≥ parte del trig√©simo aniversario del Centro para la Divulgaci√≥n...",1202.0,111
UCBUf2F_e0CIT1jHZpW8PG2w,Patricia Bullrich,"Bienvenidos a mi canal de YouTube.

Soy doctora en Ciencias Pol√≠ticas y precandidata a presidente de la Naci√≥n. Orgullosa de mis nietos. Con la fuerza que hace falta para ordenar el pa√≠s.",https://www.youtube.com/@PatriciaBullrich,Patricia Bullrich - Videos,ci16PNsAYTU,https://www.youtube.com/watch?v=ci16PNsAYTU,Patricia Bullrich en Reporte Especial,"Medio: Canal TeleJun√≠n.
Facebook: www.facebook.com/bullrichpatricia
Twitter: www.twitter.com/patobullrich ",1412.0,92
UCBUf2F_e0CIT1jHZpW8PG2w,Patricia Bullrich,"Bienvenidos a mi canal de YouTube.

Soy doctora en Ciencias Pol√≠ticas y precandidata a presidente de la Naci√≥n. Orgullosa de mis nietos. Con la fuerza que hace falta para ordenar el pa√≠s.",https://www.youtube.com/@PatriciaBullrich,Patricia Bullrich - Videos,dNN7tZISw-I,https://www.youtube.com/watch?v=dNN7tZISw-I,Patricia Bullrich en Inimputables - 22/4/2014,"Fecha: 22/4/2014. Medio: CN23.
Facebook: www.facebook.com/bullrichpatricia
Twitter: www.twitter.com/patobullrich",2824.0,69
UCBUf2F_e0CIT1jHZpW8PG2w,Patricia Bullrich,"Bienvenidos a mi canal de YouTube.

Soy doctora en Ciencias Pol√≠ticas y precandidata a presidente de la Naci√≥n. Orgullosa de mis nietos. Con la fuerza que hace falta para ordenar el pa√≠s.",https://www.youtube.com/@PatriciaBullrich,Patricia Bullrich - Videos,x7JgSH1xHzw,https://www.youtube.com/watch?v=x7JgSH1xHzw,Patricia Bullrich en Hora Clave - 20/4/2014 (parte 1),"Fecha: 20/4/2014. Medio: Canal 26
Facebook: www.facebook.com/bullrichpatricia
Twitter: www.twitter.com/patobullrich",1205.0,76
UCBUf2F_e0CIT1jHZpW8PG2w,Patricia Bullrich,"Bienvenidos a mi canal de YouTube.

Soy doctora en Ciencias Pol√≠ticas y precandidata a presidente de la Naci√≥n. Orgullosa de mis nietos. Con la fuerza que hace falta para ordenar el pa√≠s.",https://www.youtube.com/@PatriciaBullrich,Patricia Bullrich - Videos,hiJPwnL0pQY,https://www.youtube.com/watch?v=hiJPwnL0pQY,Patricia Bullrich en Desde el llano - 10/02/2014,"Fecha: 10/02/2014. Medio: TN.
Facebook: www.facebook.com/bullrichpatricia
Twitter: www.twitter.com/patobullrich",1037.0,283
UCBUf2F_e0CIT1jHZpW8PG2w,Patricia Bullrich,"Bienvenidos a mi canal de YouTube.

Soy doctora en Ciencias Pol√≠ticas y precandidata a presidente de la Naci√≥n. Orgullosa de mis nietos. Con la fuerza que hace falta para ordenar el pa√≠s.",https://www.youtube.com/@PatriciaBullrich,Patricia Bullrich - Videos,nDk7nu3HwOA,https://www.youtube.com/watch?v=nDk7nu3HwOA,Patricia Bullrich en Pol√≠ticos al asador - 16/06/2013 - A24,"Facebook: www.facebook.com/bullrichpatricia
Twitter: www.twitter.com/patobullrich",1610.0,56
UCBUf2F_e0CIT1jHZpW8PG2w,Patricia Bullrich,"Bienvenidos a mi canal de YouTube.

Soy doctora en Ciencias Pol√≠ticas y precandidata a presidente de la Naci√≥n. Orgullosa de mis nietos. Con la fuerza que hace falta para ordenar el pa√≠s.",https://www.youtube.com/@PatriciaBullrich,Patricia Bullrich - Videos,PKjb6RUtGH8,https://www.youtube.com/watch?v=PKjb6RUtGH8,Diputados de diferentes bloques recibieron al periodista Luis Gasulla en el Congreso,"En el medio de la entrevista del programa ""Palabras Encontradas"", de Radio Resistencia, los dirigentes sociales Juan Rossi y Tiso Talavera, ex trabajadores de Madres de Plaza de Mayo y de Sergio...",1208.0,96
UCBUf2F_e0CIT1jHZpW8PG2w,Patricia Bullrich,"Bienvenidos a mi canal de YouTube.

Soy doctora en Ciencias Pol√≠ticas y precandidata a presidente de la Naci√≥n. Orgullosa de mis nietos. Con la fuerza que hace falta para ordenar el pa√≠s.",https://www.youtube.com/@PatriciaBullrich,Patricia Bullrich - Videos,O7Phwor57YA,https://www.youtube.com/watch?v=O7Phwor57YA,Conferencia ELCAL Parte 1, ,956.0,236
UCBUf2F_e0CIT1jHZpW8PG2w,Patricia Bullrich,"Bienvenidos a mi canal de YouTube.

Soy doctora en Ciencias Pol√≠ticas y precandidata a presidente de la Naci√≥n. Orgullosa de mis nietos. Con la fuerza que hace falta para ordenar el pa√≠s.",https://www.youtube.com/@PatriciaBullrich,Patricia Bullrich - Videos,mvLHwMtbf3w,https://www.youtube.com/watch?v=mvLHwMtbf3w,Patricia Bullrich en CEIDA,Facebook : https://www.facebook.com/bullrichpatricia,953.0,68
UCkB6om7y9_NYqpnqAG9Ez7Q,Sergio Massa,"Canal oficial de Sergio Massa, Ministro de econom√≠a de la Naci√≥nüá¶üá∑",https://www.youtube.com/@SergioMassa,Sergio Massa - Videos,AsG9tAEtq_w,https://www.youtube.com/watch?v=AsG9tAEtq_w,17-08-2023 | CR√ìNICA CENTRAL ‚ñ∂Ô∏è ENTREVISTA COMPLETA,,4906.0,17772
UCkB6om7y9_NYqpnqAG9Ez7Q,Sergio Massa,"Canal oficial de Sergio Massa, Ministro de econom√≠a de la Naci√≥nüá¶üá∑",https://www.youtube.com/@SergioMassa,Sergio Massa - Videos,tYN7_fb3xSM,https://www.youtube.com/watch?v=tYN7_fb3xSM,"09-08-2023 | ENTREVISTA EN ""STAFF DE CANDIDATOS"" DE TELEFE NOTICIAS | ‚ñ∂Ô∏è",STAFF de CANDIDATOS,994.0,5303
UCkB6om7y9_NYqpnqAG9Ez7Q,Sergio Massa,"Canal oficial de Sergio Massa, Ministro de econom√≠a de la Naci√≥nüá¶üá∑",https://www.youtube.com/@SergioMassa,Sergio Massa - Videos,yymh-fC-AyU,https://www.youtube.com/watch?v=yymh-fC-AyU,"08-08-2023 | ENTREVISTA EN ""CANDIDATOS EN MINUTO UNO"" POR C5N | ‚ñ∂Ô∏è",,1405.0,5778
UCkB6om7y9_NYqpnqAG9Ez7Q,Sergio Massa,"Canal oficial de Sergio Massa, Ministro de econom√≠a de la Naci√≥nüá¶üá∑",https://www.youtube.com/@SergioMassa,Sergio Massa - Videos,E8Hrd6YOnA4,https://www.youtube.com/watch?v=E8Hrd6YOnA4,08-08-2023 | CIERRE DE CAMPA√ëA DE UNI√ìN POR LA PATRIA EN CIUDAD DE BUENOS AIRES | ‚ñ∂Ô∏è,,1308.0,2584
UCkB6om7y9_NYqpnqAG9Ez7Q,Sergio Massa,"Canal oficial de Sergio Massa, Ministro de econom√≠a de la Naci√≥nüá¶üá∑",https://www.youtube.com/@SergioMassa,Sergio Massa - Videos,EWM-9NCn88g,https://www.youtube.com/watch?v=EWM-9NCn88g,08-08-2023 | ENCUENTRO CON TRABAJADORES DE LA CGT | ‚ñ∂Ô∏è,,910.0,931
UCkB6om7y9_NYqpnqAG9Ez7Q,Sergio Massa,"Canal oficial de Sergio Massa, Ministro de econom√≠a de la Naci√≥nüá¶üá∑",https://www.youtube.com/@SergioMassa,Sergio Massa - Videos,R3KucID3GTY,https://www.youtube.com/watch?v=R3KucID3GTY,07-08-2023 | ENCUENTRO CON INTENDENTES EN PUERTO GENERAL SAN MART√çN - SANTA FE | ‚ñ∂Ô∏è DISCURSO,,963.0,1085
UCkB6om7y9_NYqpnqAG9Ez7Q,Sergio Massa,"Canal oficial de Sergio Massa, Ministro de econom√≠a de la Naci√≥nüá¶üá∑",https://www.youtube.com/@SergioMassa,Sergio Massa - Videos,pFQ94UArad4,https://www.youtube.com/watch?v=pFQ94UArad4,07-08-2023 | ENTREVISTA EN RADIO MITRE | ‚ñ∂Ô∏è,,3680.0,9631
UCkB6om7y9_NYqpnqAG9Ez7Q,Sergio Massa,"Canal oficial de Sergio Massa, Ministro de econom√≠a de la Naci√≥nüá¶üá∑",https://www.youtube.com/@SergioMassa,Sergio Massa - Videos,tbKTdbsjHM4,https://www.youtube.com/watch?v=tbKTdbsjHM4,06-08-2023 | ENTREVISTA EN COMUNIDAD DE NEGOCIOS POR LN+ | ‚ñ∂Ô∏è,,1985.0,4617
UCkB6om7y9_NYqpnqAG9Ez7Q,Sergio Massa,"Canal oficial de Sergio Massa, Ministro de econom√≠a de la Naci√≥nüá¶üá∑",https://www.youtube.com/@SergioMassa,Sergio Massa - Videos,PuzqajFfHIo,https://www.youtube.com/watch?v=PuzqajFfHIo,06-08-2023 | JUNTO A MOVIMIENTOS SOCIALES EN FERRO | ‚ñ∂Ô∏è DISCURSO COMPLETO,,1053.0,1204
UCkB6om7y9_NYqpnqAG9Ez7Q,Sergio Massa,"Canal oficial de Sergio Massa, Ministro de econom√≠a de la Naci√≥nüá¶üá∑",https://www.youtube.com/@SergioMassa,Sergio Massa - Videos,dRiTKtBgmV8,https://www.youtube.com/watch?v=dRiTKtBgmV8,04-08-2023 | ENTREVISTA EN ARGENZUELA POR C5N | ‚ñ∂Ô∏è,,3130.0,5029
UCkB6om7y9_NYqpnqAG9Ez7Q,Sergio Massa,"Canal oficial de Sergio Massa, Ministro de econom√≠a de la Naci√≥nüá¶üá∑",https://www.youtube.com/@SergioMassa,Sergio Massa - Videos,kTEE0caeeBs,https://www.youtube.com/watch?v=kTEE0caeeBs,03-08-2023 ENCUENTRO CON EMPRESARIOS PYME ‚ñ∂ DISCURSO¬†COMPLETO,,2280.0,5775
UCkB6om7y9_NYqpnqAG9Ez7Q,Sergio Massa,"Canal oficial de Sergio Massa, Ministro de econom√≠a de la Naci√≥nüá¶üá∑",https://www.youtube.com/@SergioMassa,Sergio Massa - Videos,B8_Ja7g1r_Q,https://www.youtube.com/watch?v=B8_Ja7g1r_Q,03-08-2023 | ENTREVISTA EN CADENA 3 ARGENTINA DE C√ìRDOBA | ‚ñ∂Ô∏è,"MARCAS DE TIEMPO

00:00 inicio
00:40 Coyuntura macroecon√≥mica nacional
03:41 Compromisos electorales
05:30 Desarrollo Energ√©tico en C√≥rdoba 
06:40 Macroeconom√≠a Argentina 2024
09:47 Proceso...",2437.0,11800
UCkB6om7y9_NYqpnqAG9Ez7Q,Sergio Massa,"Canal oficial de Sergio Massa, Ministro de econom√≠a de la Naci√≥nüá¶üá∑",https://www.youtube.com/@SergioMassa,Sergio Massa - Videos,18bWkbTWBhw,https://www.youtube.com/watch?v=18bWkbTWBhw,01-08-2023 | ENCUENTRO CON EMPRESARIO Y PRODUCTORES REGIONALES EN MENDOZA ‚ñ∂Ô∏è DISCURSO COMPLETO,"Encuentro con productores regionales, representantes de Pymes e Industrias locales.",1496.0,3489
UCkB6om7y9_NYqpnqAG9Ez7Q,Sergio Massa,"Canal oficial de Sergio Massa, Ministro de econom√≠a de la Naci√≥nüá¶üá∑",https://www.youtube.com/@SergioMassa,Sergio Massa - Videos,gaD5ujF5_Wc,https://www.youtube.com/watch?v=gaD5ujF5_Wc,31-07-2023 | ENTREVISTA EN CR√ìNICA TV | ‚ñ∂Ô∏è,,2088.0,4108
UCkB6om7y9_NYqpnqAG9Ez7Q,Sergio Massa,"Canal oficial de Sergio Massa, Ministro de econom√≠a de la Naci√≥nüá¶üá∑",https://www.youtube.com/@SergioMassa,Sergio Massa - Videos,fILjiIeyn_U,https://www.youtube.com/watch?v=fILjiIeyn_U,25-07-2023 | PARTICIPACI√ìN EN EL PLENARIO DIRIGENCIAL DEL FRENTE C√çVICO- DISCURSO COMPLETO,,1225.0,1402
UCkB6om7y9_NYqpnqAG9Ez7Q,Sergio Massa,"Canal oficial de Sergio Massa, Ministro de econom√≠a de la Naci√≥nüá¶üá∑",https://www.youtube.com/@SergioMassa,Sergio Massa - Videos,ETQtdLSFeVs,https://www.youtube.com/watch?v=ETQtdLSFeVs,10-07-2023 | LA INMENSA MINOR√çA CON REYNALDO SIETECASE POR  RADIO CON VOS | ‚ñ∂Ô∏è ENTREVISTA COMPLETA,,1312.0,265
UCkB6om7y9_NYqpnqAG9Ez7Q,Sergio Massa,"Canal oficial de Sergio Massa, Ministro de econom√≠a de la Naci√≥nüá¶üá∑",https://www.youtube.com/@SergioMassa,Sergio Massa - Videos,bxTfqw-_CG4,https://www.youtube.com/watch?v=bxTfqw-_CG4,10-07-2023 | EN ARGENZUELA CON JORGE RIAL POR RADIO 10 | ‚ñ∂Ô∏è ENTREVISTA COMPLETA,,1794.0,386
UCkB6om7y9_NYqpnqAG9Ez7Q,Sergio Massa,"Canal oficial de Sergio Massa, Ministro de econom√≠a de la Naci√≥nüá¶üá∑",https://www.youtube.com/@SergioMassa,Sergio Massa - Videos,L9EAAwcpKEE,https://www.youtube.com/watch?v=L9EAAwcpKEE,24-07-2023 | DEBATE DE PRECANDIDATOS PRESIDENCIALES EN LA EXPORURAL 2023 | ‚ñ∂Ô∏è DISCURSO COMPLETO,,2195.0,11467
UCkB6om7y9_NYqpnqAG9Ez7Q,Sergio Massa,"Canal oficial de Sergio Massa, Ministro de econom√≠a de la Naci√≥nüá¶üá∑",https://www.youtube.com/@SergioMassa,Sergio Massa - Videos,ylP_FxShBOw,https://www.youtube.com/watch?v=ylP_FxShBOw,23-07-2023 | EN DURO DE DOMAR | ‚ñ∂Ô∏è ENTREVISTA COMPLETA,"Entrevista en #DuroDeDomar

MARCAS DE TIEMPO:

00:00 Inicio
00:58 Acuerdo con el FMI
06:12 Condiciones del acuerdo con el FMI
08:00 Actualizaci√≥n del D√≥lar Agro
08:50 Modificaci√≥n en las...",3024.0,3864
UCkB6om7y9_NYqpnqAG9Ez7Q,Sergio Massa,"Canal oficial de Sergio Massa, Ministro de econom√≠a de la Naci√≥nüá¶üá∑",https://www.youtube.com/@SergioMassa,Sergio Massa - Videos,lv0ZolIkLj8,https://www.youtube.com/watch?v=lv0ZolIkLj8,19-07-2023 | ENCUENTRO EN LA CGT JUNTO A LOS TRABAJADORES | ‚ñ∂Ô∏è DISCURSO COMPLETO,,960.0,865
UCkB6om7y9_NYqpnqAG9Ez7Q,Sergio Massa,"Canal oficial de Sergio Massa, Ministro de econom√≠a de la Naci√≥nüá¶üá∑",https://www.youtube.com/@SergioMassa,Sergio Massa - Videos,57jqAwplvB8,https://www.youtube.com/watch?v=57jqAwplvB8,19-07-2023 | ACTO EN LA SEDE DE LA CGT JUNTO A LOS TRABAJADORES Y TRABAJADORAS | ‚ñ∂Ô∏è ACTO COMPLETO,"Defender al Trabajo es defender la Patria

Quiero que el 20 de dic puedan mirar a la casa Rosada y sentir que tienen al presidente de los trabajadores.
La CGT se suma a la campa√±a de UP.
Tendr√°...",1753.0,895
UCkB6om7y9_NYqpnqAG9Ez7Q,Sergio Massa,"Canal oficial de Sergio Massa, Ministro de econom√≠a de la Naci√≥nüá¶üá∑",https://www.youtube.com/@SergioMassa,Sergio Massa - Videos,utYdoNCCPuI,https://www.youtube.com/watch?v=utYdoNCCPuI,18-07-2023 | EN MINUTO1 CON EL GATO SYLVESTRE POR C5N | ‚ñ∂Ô∏è ENTREVISTA,,3500.0,1688
UCkB6om7y9_NYqpnqAG9Ez7Q,Sergio Massa,"Canal oficial de Sergio Massa, Ministro de econom√≠a de la Naci√≥nüá¶üá∑",https://www.youtube.com/@SergioMassa,Sergio Massa - Videos,CJFALibVKfA,https://www.youtube.com/watch?v=CJFALibVKfA,11-07-23 | UNIDOS POR LA UNIVERSIDAD Y LA CIENCIA | ‚ñ∂Ô∏è PARTE 4,,1193.0,130
UCkB6om7y9_NYqpnqAG9Ez7Q,Sergio Massa,"Canal oficial de Sergio Massa, Ministro de econom√≠a de la Naci√≥nüá¶üá∑",https://www.youtube.com/@SergioMassa,Sergio Massa - Videos,FFdGadm4Z7s,https://www.youtube.com/watch?v=FFdGadm4Z7s,11-07-23 | UNIDOS POR LA UNIVERSIDAD Y LA CIENCIA | ‚ñ∂Ô∏è DISCURSO,,5105.0,358
UCkB6om7y9_NYqpnqAG9Ez7Q,Sergio Massa,"Canal oficial de Sergio Massa, Ministro de econom√≠a de la Naci√≥nüá¶üá∑",https://www.youtube.com/@SergioMassa,Sergio Massa - Videos,gwaKH8x_Mgg,https://www.youtube.com/watch?v=gwaKH8x_Mgg,09-07-23 | EN PERONISMO PARA TODOS POR C5N | ‚ñ∂Ô∏è ENTREVISTA,"MARCAS DE TIEMPO:

00:00 Inicio

07:44 ¬øqu√© representa el Gasoducto?

15:02 Pensar un modelo de pa√≠s

20:25  Macri tom√≥ un cr√©dito para la timba financiera 

22:56 dos modelos de pa√≠s...",2589.0,4497
UCkB6om7y9_NYqpnqAG9Ez7Q,Sergio Massa,"Canal oficial de Sergio Massa, Ministro de econom√≠a de la Naci√≥nüá¶üá∑",https://www.youtube.com/@SergioMassa,Sergio Massa - Videos,aZiN8gK5BEY,https://www.youtube.com/watch?v=aZiN8gK5BEY,03-07-23 | ENCUENTRO CON 78 INTENDENTES DE MISIONES | ‚ñ∂Ô∏è DISCURSO,,1241.0,864
UCkB6om7y9_NYqpnqAG9Ez7Q,Sergio Massa,"Canal oficial de Sergio Massa, Ministro de econom√≠a de la Naci√≥nüá¶üá∑",https://www.youtube.com/@SergioMassa,Sergio Massa - Videos,bxLcEBQTAl4,https://www.youtube.com/watch?v=bxLcEBQTAl4,09-05-2023 | AMCHAM SUMMIT 2023 |  DISCURSO,,1829.0,616
UCkB6om7y9_NYqpnqAG9Ez7Q,Sergio Massa,"Canal oficial de Sergio Massa, Ministro de econom√≠a de la Naci√≥nüá¶üá∑",https://www.youtube.com/@SergioMassa,Sergio Massa - Videos,WMNOGlUdmMI,https://www.youtube.com/watch?v=WMNOGlUdmMI,17-04-23 | PARTICIPACI√ìN EN EXPERIENCIA IDEA ENERG√çA 2023 | ‚ñ∂Ô∏è DISCURSO,,979.0,201
UCkB6om7y9_NYqpnqAG9Ez7Q,Sergio Massa,"Canal oficial de Sergio Massa, Ministro de econom√≠a de la Naci√≥nüá¶üá∑",https://www.youtube.com/@SergioMassa,Sergio Massa - Videos,J5H_m8-Znd4,https://www.youtube.com/watch?v=J5H_m8-Znd4,25-03-23 | EN S√ÅBADO TEMPRAN√çSIMO POR RADIO MITRE | ‚ñ∂ ENTREVISTA,,2447.0,1799
UCkB6om7y9_NYqpnqAG9Ez7Q,Sergio Massa,"Canal oficial de Sergio Massa, Ministro de econom√≠a de la Naci√≥nüá¶üá∑",https://www.youtube.com/@SergioMassa,Sergio Massa - Videos,ANRYSiVRaqs,https://www.youtube.com/watch?v=ANRYSiVRaqs,18-02-23 | MASSA: OPORTUNIDADES PARA LA ARGENTINA | ‚ñ∂ ENTREVISTA,,2872.0,11913
UCkB6om7y9_NYqpnqAG9Ez7Q,Sergio Massa,"Canal oficial de Sergio Massa, Ministro de econom√≠a de la Naci√≥nüá¶üá∑",https://www.youtube.com/@SergioMassa,Sergio Massa - Videos,WyPpts_tcNw,https://www.youtube.com/watch?v=WyPpts_tcNw,23-01-23 | MASSA Y HADDAD FIRMARON ACUERDOS ARGENTINA-BRASIL | ‚ñ∂Ô∏è DISCURSO Y RONDA DE PREGUNTAS,,2453.0,740
UCkB6om7y9_NYqpnqAG9Ez7Q,Sergio Massa,"Canal oficial de Sergio Massa, Ministro de econom√≠a de la Naci√≥nüá¶üá∑",https://www.youtube.com/@SergioMassa,Sergio Massa - Videos,jl7Xwy-bIC8,https://www.youtube.com/watch?v=jl7Xwy-bIC8,08-01-23 | CON JORGE FONTEVECCHIA EN @perfiltv | ‚ñ∂Ô∏è ENTREVISTA,"00:00 INICIO 
01:00 INFLACI√ìN
03:15 ORDEN FISCAL
07:50 ACCESO AL CR√âDITO
09:35 ACUERDO CON EL FMI
13:57 EXPECTATIVAS 2023
18:37 GASODUCTO
22:32 BALANCE 2022
23:55 MORATORIA PREVISIONAL
26:00...",3310.0,5563
UCkB6om7y9_NYqpnqAG9Ez7Q,Sergio Massa,"Canal oficial de Sergio Massa, Ministro de econom√≠a de la Naci√≥nüá¶üá∑",https://www.youtube.com/@SergioMassa,Sergio Massa - Videos,Tl-Z8A6ADd8,https://www.youtube.com/watch?v=Tl-Z8A6ADd8,16-12-22 | EN MA√ëANA SYLVESTRE POR RADIO 10 | ‚ñ∂ ENTREVISTA,,1674.0,223
UCkB6om7y9_NYqpnqAG9Ez7Q,Sergio Massa,"Canal oficial de Sergio Massa, Ministro de econom√≠a de la Naci√≥nüá¶üá∑",https://www.youtube.com/@SergioMassa,Sergio Massa - Videos,Y2I4lqh2r9E,https://www.youtube.com/watch?v=Y2I4lqh2r9E,4-12-22 | EN SEMANARIO DIARIO POR RADIO CON VOS | ‚ñ∂ ENTREVISTA,"#SergioMassa #ArgentinaAvanza #RadioConVos

00:00 INICIO 
00:43 ACUERDO CON EL FMI
03:12 PRECIOS JUSTOS
06:27 ACUERDO FATCA CON EEUU",1094.0,1876
UCkB6om7y9_NYqpnqAG9Ez7Q,Sergio Massa,"Canal oficial de Sergio Massa, Ministro de econom√≠a de la Naci√≥nüá¶üá∑",https://www.youtube.com/@SergioMassa,Sergio Massa - Videos,ckRQ01spaYk,https://www.youtube.com/watch?v=ckRQ01spaYk,9-11-22 | EN A DOS VOCES POR @todonoticias | ‚ñ∂ ENTREVISTA,#SergioMassa #ADosVoces #ArgentinaAvanza,3404.0,3008
UCkB6om7y9_NYqpnqAG9Ez7Q,Sergio Massa,"Canal oficial de Sergio Massa, Ministro de econom√≠a de la Naci√≥nüá¶üá∑",https://www.youtube.com/@SergioMassa,Sergio Massa - Videos,b3z1eXnZdfM,https://www.youtube.com/watch?v=b3z1eXnZdfM,31-10-22 | CON ROBERTO NAVARRO EN @ElDestapeTV   | ‚ñ∂ ENTREVISTA,"#SergioMassa #ArgentinaAvanza #ElDestapeSinFin 

00:00 INICIO 
00:02 ELECCIONES EN BRASIL
02:13 ORDEN FISCAL
04:08 PRECIOS JUSTOS
07:04 CRECIMIENTO PARA PYMES
13:06 SALUD
16:00 TRABAJADORES...",4147.0,6067
UCkB6om7y9_NYqpnqAG9Ez7Q,Sergio Massa,"Canal oficial de Sergio Massa, Ministro de econom√≠a de la Naci√≥nüá¶üá∑",https://www.youtube.com/@SergioMassa,Sergio Massa - Videos,UCFhkzKFOdc,https://www.youtube.com/watch?v=UCFhkzKFOdc,14-10-22 | PARTICIPACI√ìN 58¬∞ #ColoquioIDEA | ‚ñ∂ ENTREVISTA,,1367.0,1080
UCkB6om7y9_NYqpnqAG9Ez7Q,Sergio Massa,"Canal oficial de Sergio Massa, Ministro de econom√≠a de la Naci√≥nüá¶üá∑",https://www.youtube.com/@SergioMassa,Sergio Massa - Videos,H4AZJhVXKv8,https://www.youtube.com/watch?v=H4AZJhVXKv8,14-10-22 | PERSPECTIVA ECON√ìMICA DE ARGENTINA EN EL 2023 | ‚ñ∂ ATLANTIC COUNCIL,,1646.0,866
UCkB6om7y9_NYqpnqAG9Ez7Q,Sergio Massa,"Canal oficial de Sergio Massa, Ministro de econom√≠a de la Naci√≥nüá¶üá∑",https://www.youtube.com/@SergioMassa,Sergio Massa - Videos,98RSAlSySRg,https://www.youtube.com/watch?v=98RSAlSySRg,4-9-22 | ANUNCIO DE MEDIDAS PARA EL SECTOR AGROEXPORTADOR | ‚ñ∂Ô∏è DISCURSO,,2072.0,193
UCkB6om7y9_NYqpnqAG9Ez7Q,Sergio Massa,"Canal oficial de Sergio Massa, Ministro de econom√≠a de la Naci√≥nüá¶üá∑",https://www.youtube.com/@SergioMassa,Sergio Massa - Videos,SMYvm-rNw3g,https://www.youtube.com/watch?v=SMYvm-rNw3g,18-8-22 | PARTICIPACI√ìN EN LA CONFERENCIA DE CIUDADES LATINOAMERICANAS 2022 - ASCOA | ‚ñ∂Ô∏è DISCURSO,Conferencia de Ciudades Latinoamericanas 2022 de la @ASCOAonline (ASCOA),2604.0,272
UCkB6om7y9_NYqpnqAG9Ez7Q,Sergio Massa,"Canal oficial de Sergio Massa, Ministro de econom√≠a de la Naci√≥nüá¶üá∑",https://www.youtube.com/@SergioMassa,Sergio Massa - Videos,jRCuRz_fSkE,https://www.youtube.com/watch?v=jRCuRz_fSkE,14-6-22 | PARTICIPACI√ìN EN EL CICLO DEMOCRACIA Y DESARROLLO | ‚ñ∂Ô∏è DISCURSO,,2141.0,99
UCkB6om7y9_NYqpnqAG9Ez7Q,Sergio Massa,"Canal oficial de Sergio Massa, Ministro de econom√≠a de la Naci√≥nüá¶üá∑",https://www.youtube.com/@SergioMassa,Sergio Massa - Videos,KpMSmBa7U8U,https://www.youtube.com/watch?v=KpMSmBa7U8U,31-5-22 | PARTICIPACI√ìN EN M1 POR C5N | ‚ñ∂Ô∏èCOMPLETO,,1166.0,2453
UCkB6om7y9_NYqpnqAG9Ez7Q,Sergio Massa,"Canal oficial de Sergio Massa, Ministro de econom√≠a de la Naci√≥nüá¶üá∑",https://www.youtube.com/@SergioMassa,Sergio Massa - Videos,wTCrBv6tjpk,https://www.youtube.com/watch?v=wTCrBv6tjpk,7-3-22 | PARTICIPACI√ìN EN M1 DE C5N | ‚ñ∂Ô∏è ENTREVISTA,Entrevista completa de Gustavo Sylvestre en el programa M1 de C5N.,946.0,83
UCkB6om7y9_NYqpnqAG9Ez7Q,Sergio Massa,"Canal oficial de Sergio Massa, Ministro de econom√≠a de la Naci√≥nüá¶üá∑",https://www.youtube.com/@SergioMassa,Sergio Massa - Videos,5r4au1rOLE0,https://www.youtube.com/watch?v=5r4au1rOLE0,7-12-2021 ENTREVISTA COMPLETA CON ALEJANDRO BERCOVICH EN BROTES VERDES. C5N.,,2206.0,1223
UCkB6om7y9_NYqpnqAG9Ez7Q,Sergio Massa,"Canal oficial de Sergio Massa, Ministro de econom√≠a de la Naci√≥nüá¶üá∑",https://www.youtube.com/@SergioMassa,Sergio Massa - Videos,VI-jlYgv0ZQ,https://www.youtube.com/watch?v=VI-jlYgv0ZQ,22-10-2021 REUNI√ìN CON EMPRESARIOS PYMES EN PILAR- DISCURSO COMPLETO,,1365.0,72
UCkB6om7y9_NYqpnqAG9Ez7Q,Sergio Massa,"Canal oficial de Sergio Massa, Ministro de econom√≠a de la Naci√≥nüá¶üá∑",https://www.youtube.com/@SergioMassa,Sergio Massa - Videos,JQfSBTK1TYo,https://www.youtube.com/watch?v=JQfSBTK1TYo,01-09-2021- ENCUENTRO CON EMPRESARIOS EN LA MATANZA. DISCURSO COMPLETO,,942.0,78
UCkB6om7y9_NYqpnqAG9Ez7Q,Sergio Massa,"Canal oficial de Sergio Massa, Ministro de econom√≠a de la Naci√≥nüá¶üá∑",https://www.youtube.com/@SergioMassa,Sergio Massa - Videos,vUQ2Dq3gMkg,https://www.youtube.com/watch?v=vUQ2Dq3gMkg,"26-08-2021- LATIN AMERICAN CITIES CONFERENCE- COUNCIL OF AMERICA, BUENOS AIRES.",,1008.0,116
UCkB6om7y9_NYqpnqAG9Ez7Q,Sergio Massa,"Canal oficial de Sergio Massa, Ministro de econom√≠a de la Naci√≥nüá¶üá∑",https://www.youtube.com/@SergioMassa,Sergio Massa - Videos,TKYZFwPaC9Q,https://www.youtube.com/watch?v=TKYZFwPaC9Q,üì∫ Sergio Massa - Minuto Uno - 25/09,Entrevista de Gato Sylvestre a Sergio Massa en C5N.,1318.0,75
UCkB6om7y9_NYqpnqAG9Ez7Q,Sergio Massa,"Canal oficial de Sergio Massa, Ministro de econom√≠a de la Naci√≥nüá¶üá∑",https://www.youtube.com/@SergioMassa,Sergio Massa - Videos,w1JyZ4brbpo,https://www.youtube.com/watch?v=w1JyZ4brbpo,üì∫ Sergio Massa - Perfil Periodismo Puro - 24/09,Entrevista de Jorge Fontevecchia a Sergio Massa en NetTV.,4651.0,654
UCkB6om7y9_NYqpnqAG9Ez7Q,Sergio Massa,"Canal oficial de Sergio Massa, Ministro de econom√≠a de la Naci√≥nüá¶üá∑",https://www.youtube.com/@SergioMassa,Sergio Massa - Videos,iPD2iJlI8tA,https://www.youtube.com/watch?v=iPD2iJlI8tA,üì∫ Sergio Massa - Desaf√≠o 2019- 23/09,Entrevista con Marcelo Zlotogwiazda en C5N.,1347.0,470
UCkB6om7y9_NYqpnqAG9Ez7Q,Sergio Massa,"Canal oficial de Sergio Massa, Ministro de econom√≠a de la Naci√≥nüá¶üá∑",https://www.youtube.com/@SergioMassa,Sergio Massa - Videos,de36yBFZJ2A,https://www.youtube.com/watch?v=de36yBFZJ2A,üì∫ Sergio Massa en Intratables 6/5/2019,,955.0,125
UCkB6om7y9_NYqpnqAG9Ez7Q,Sergio Massa,"Canal oficial de Sergio Massa, Ministro de econom√≠a de la Naci√≥nüá¶üá∑",https://www.youtube.com/@SergioMassa,Sergio Massa - Videos,iQ_vZQ3Ahxk,https://www.youtube.com/watch?v=iQ_vZQ3Ahxk,üì∫ Sergio Massa La Mirada de Garcia 06/05/2019,,1228.0,69
UCkB6om7y9_NYqpnqAG9Ez7Q,Sergio Massa,"Canal oficial de Sergio Massa, Ministro de econom√≠a de la Naci√≥nüá¶üá∑",https://www.youtube.com/@SergioMassa,Sergio Massa - Videos,aGgDBi8wxZ0,https://www.youtube.com/watch?v=aGgDBi8wxZ0,üì∫ Sergio Massa en Nada Personal con Viviana Canosa 26/4/2019,,1686.0,1029
UCkB6om7y9_NYqpnqAG9Ez7Q,Sergio Massa,"Canal oficial de Sergio Massa, Ministro de econom√≠a de la Naci√≥nüá¶üá∑",https://www.youtube.com/@SergioMassa,Sergio Massa - Videos,w68dgjo5aAk,https://www.youtube.com/watch?v=w68dgjo5aAk,üì∫ Sergio Massa mano a mano con Eduardo Feinmann 24/4/2019,,1467.0,125
UCkB6om7y9_NYqpnqAG9Ez7Q,Sergio Massa,"Canal oficial de Sergio Massa, Ministro de econom√≠a de la Naci√≥nüá¶üá∑",https://www.youtube.com/@SergioMassa,Sergio Massa - Videos,zlMAs_xdxOQ,https://www.youtube.com/watch?v=zlMAs_xdxOQ,üì∫ Sergio Massa en TN Central 11/4/2019,,2205.0,58
UCkB6om7y9_NYqpnqAG9Ez7Q,Sergio Massa,"Canal oficial de Sergio Massa, Ministro de econom√≠a de la Naci√≥nüá¶üá∑",https://www.youtube.com/@SergioMassa,Sergio Massa - Videos,ew38qOPGmeI,https://www.youtube.com/watch?v=ew38qOPGmeI,üì∫ Sergio Massa Luis Novaresio 20/3/2019,,2957.0,79
UCkB6om7y9_NYqpnqAG9Ez7Q,Sergio Massa,"Canal oficial de Sergio Massa, Ministro de econom√≠a de la Naci√≥nüá¶üá∑",https://www.youtube.com/@SergioMassa,Sergio Massa - Videos,51sSM6V0uAY,https://www.youtube.com/watch?v=51sSM6V0uAY,üì∫ Sergio Massa Animales Sueltos 11/3/2019,,2508.0,54
UCkB6om7y9_NYqpnqAG9Ez7Q,Sergio Massa,"Canal oficial de Sergio Massa, Ministro de econom√≠a de la Naci√≥nüá¶üá∑",https://www.youtube.com/@SergioMassa,Sergio Massa - Videos,YOSkGRJvi8E,https://www.youtube.com/watch?v=YOSkGRJvi8E,üì∫ Sergio Massa con Chiche 14/2/2019,,2657.0,63
UCkB6om7y9_NYqpnqAG9Ez7Q,Sergio Massa,"Canal oficial de Sergio Massa, Ministro de econom√≠a de la Naci√≥nüá¶üá∑",https://www.youtube.com/@SergioMassa,Sergio Massa - Videos,gptKHN0gSQs,https://www.youtube.com/watch?v=gptKHN0gSQs,10 COMPROMISOS POR ARGENTINA,"Discurso del acto del 2 de abril, con la presentaci√≥n de los 10 compromisos para el futuro de nuestro pa√≠s.",3710.0,129
UCkB6om7y9_NYqpnqAG9Ez7Q,Sergio Massa,"Canal oficial de Sergio Massa, Ministro de econom√≠a de la Naci√≥nüá¶üá∑",https://www.youtube.com/@SergioMassa,Sergio Massa - Videos,DX0BBZNObAU,https://www.youtube.com/watch?v=DX0BBZNObAU,Entrevista con Luis Novaresio por A24- 8/11/18,"Entrevista con Luis Novaresio en ""Luis Novaresio Entrevista"" por A24.",2682.0,332
UCkB6om7y9_NYqpnqAG9Ez7Q,Sergio Massa,"Canal oficial de Sergio Massa, Ministro de econom√≠a de la Naci√≥nüá¶üá∑",https://www.youtube.com/@SergioMassa,Sergio Massa - Videos,NKenymsrSJA,https://www.youtube.com/watch?v=NKenymsrSJA,Sergio Massa en Animales Sueltos 13/11/18,Entrevista con Alejandro Fantino en Animales suelto por el canal Am√©rica el 13 de noviembre del 2018.,2245.0,354
UCkB6om7y9_NYqpnqAG9Ez7Q,Sergio Massa,"Canal oficial de Sergio Massa, Ministro de econom√≠a de la Naci√≥nüá¶üá∑",https://www.youtube.com/@SergioMassa,Sergio Massa - Videos,bAUvPLMFzwU,https://www.youtube.com/watch?v=bAUvPLMFzwU,Conferencia en Washington sobre los desaf√≠os de Argentina y Latinoam√©rica,Conferencia en el Woodrow Wilson International Center for Scholars. Invitado por Argentina Project.,3114.0,1433
UCkB6om7y9_NYqpnqAG9Ez7Q,Sergio Massa,"Canal oficial de Sergio Massa, Ministro de econom√≠a de la Naci√≥nüá¶üá∑",https://www.youtube.com/@SergioMassa,Sergio Massa - Videos,xF0tja4eaf0,https://www.youtube.com/watch?v=xF0tja4eaf0,Sergio Massa en Uno M√°s Uno Tres (Cr√≥nica TV) - 19/10/17,,1851.0,331
UCkB6om7y9_NYqpnqAG9Ez7Q,Sergio Massa,"Canal oficial de Sergio Massa, Ministro de econom√≠a de la Naci√≥nüá¶üá∑",https://www.youtube.com/@SergioMassa,Sergio Massa - Videos,DE6e0AAe7Y0,https://www.youtube.com/watch?v=DE6e0AAe7Y0,SERGIO MASSA EN INTRATABLES - PARTE I - AM√âRICA TV - 18/10/2017,,1545.0,348
UCkB6om7y9_NYqpnqAG9Ez7Q,Sergio Massa,"Canal oficial de Sergio Massa, Ministro de econom√≠a de la Naci√≥nüá¶üá∑",https://www.youtube.com/@SergioMassa,Sergio Massa - Videos,b3Q1CBt0Lko,https://www.youtube.com/watch?v=b3Q1CBt0Lko,Sergio Massa y Margarita Stolbizer junto a Santiago del Moro en Intratables (AMERICA) - 13/10/17,,2064.0,139
UCkB6om7y9_NYqpnqAG9Ez7Q,Sergio Massa,"Canal oficial de Sergio Massa, Ministro de econom√≠a de la Naci√≥nüá¶üá∑",https://www.youtube.com/@SergioMassa,Sergio Massa - Videos,Z9LgrJYrnHE,https://www.youtube.com/watch?v=Z9LgrJYrnHE,SERGIO MASSA DOCUMENTAL COMPLETO,"Quiero contarles qui√©n soy, qu√© hice y qu√© puedo hacer por #1Pa√≠s mejor",1223.0,5677
UCkB6om7y9_NYqpnqAG9Ez7Q,Sergio Massa,"Canal oficial de Sergio Massa, Ministro de econom√≠a de la Naci√≥nüá¶üá∑",https://www.youtube.com/@SergioMassa,Sergio Massa - Videos,1zwkuSVbvX0,https://www.youtube.com/watch?v=1zwkuSVbvX0,Sergio Massa Almorzando con Mirtha Legrand (CANAL 13) - 8/10/17,,2422.0,1558
UCkB6om7y9_NYqpnqAG9Ez7Q,Sergio Massa,"Canal oficial de Sergio Massa, Ministro de econom√≠a de la Naci√≥nüá¶üá∑",https://www.youtube.com/@SergioMassa,Sergio Massa - Videos,fWwASDtmjTc,https://www.youtube.com/watch?v=fWwASDtmjTc,Sergio Massa en La Lupa (Canal 26) - 3/10/17,,1891.0,175
UCkB6om7y9_NYqpnqAG9Ez7Q,Sergio Massa,"Canal oficial de Sergio Massa, Ministro de econom√≠a de la Naci√≥nüá¶üá∑",https://www.youtube.com/@SergioMassa,Sergio Massa - Videos,cHiCoyg1jK4,https://www.youtube.com/watch?v=cHiCoyg1jK4,Alejandro Fantino entrevista a Sergio Massa en Animales Sueltos (AMERICA TV) - 12/09/17,,1885.0,3028
UCkB6om7y9_NYqpnqAG9Ez7Q,Sergio Massa,"Canal oficial de Sergio Massa, Ministro de econom√≠a de la Naci√≥nüá¶üá∑",https://www.youtube.com/@SergioMassa,Sergio Massa - Videos,pWNeSbAFlg8,https://www.youtube.com/watch?v=pWNeSbAFlg8,Sergio Massa en Bendita TV (Canal 9) - 25/07/17,,1584.0,751
UCkB6om7y9_NYqpnqAG9Ez7Q,Sergio Massa,"Canal oficial de Sergio Massa, Ministro de econom√≠a de la Naci√≥nüá¶üá∑",https://www.youtube.com/@SergioMassa,Sergio Massa - Videos,6uTrzdu_Ucw,https://www.youtube.com/watch?v=6uTrzdu_Ucw,Entrevista a Sergio Massa en Minuto Uno (C5N)-  24/07/17,"Sergio Massa con Gustavo Sylvestre, Mariano Hamilton y Alejandro Bercovich",1121.0,596
UCkB6om7y9_NYqpnqAG9Ez7Q,Sergio Massa,"Canal oficial de Sergio Massa, Ministro de econom√≠a de la Naci√≥nüá¶üá∑",https://www.youtube.com/@SergioMassa,Sergio Massa - Videos,jQNg6P8N46k,https://www.youtube.com/watch?v=jQNg6P8N46k,Entrevista en el Ciclo de Encuentros 2017 del CICyP - Sergio Massa con Daniel Hadad 11/07/17,,3985.0,1473
UCkB6om7y9_NYqpnqAG9Ez7Q,Sergio Massa,"Canal oficial de Sergio Massa, Ministro de econom√≠a de la Naci√≥nüá¶üá∑",https://www.youtube.com/@SergioMassa,Sergio Massa - Videos,VHG7_KFEWYk,https://www.youtube.com/watch?v=VHG7_KFEWYk,Sergio Massa en Pol√©mica en el Bar (AMERICA TV) - 7/7/2017,Sergio Massa charlando con la mesa de Pol√©mica en el Bar,2572.0,1033
UCkB6om7y9_NYqpnqAG9Ez7Q,Sergio Massa,"Canal oficial de Sergio Massa, Ministro de econom√≠a de la Naci√≥nüá¶üá∑",https://www.youtube.com/@SergioMassa,Sergio Massa - Videos,vUwrjwHgCVk,https://www.youtube.com/watch?v=vUwrjwHgCVk,Sergio Massa en El Juego Limpio con Nelson Castro (TN) - 29/06/2017,Entrevista  en El Juego Limpio con Nelson Castro,919.0,1114
UCkB6om7y9_NYqpnqAG9Ez7Q,Sergio Massa,"Canal oficial de Sergio Massa, Ministro de econom√≠a de la Naci√≥nüá¶üá∑",https://www.youtube.com/@SergioMassa,Sergio Massa - Videos,sYAyFBxKI7c,https://www.youtube.com/watch?v=sYAyFBxKI7c,Sergio Massa en Animales Sueltos - 26/06/17,Entrevista de Sergio Massa con Alejandro Fantino en Animales Sueltos,1786.0,446
UCkB6om7y9_NYqpnqAG9Ez7Q,Sergio Massa,"Canal oficial de Sergio Massa, Ministro de econom√≠a de la Naci√≥nüá¶üá∑",https://www.youtube.com/@SergioMassa,Sergio Massa - Videos,BDoNyl_yt9E,https://www.youtube.com/watch?v=BDoNyl_yt9E,Presentaci√≥n Alerta Buenos Aires - 21/06/2017,Presentaci√≥n del sistema Alerta Buenos Aires en el Centro Miguelete.,2642.0,479
UCkB6om7y9_NYqpnqAG9Ez7Q,Sergio Massa,"Canal oficial de Sergio Massa, Ministro de econom√≠a de la Naci√≥nüá¶üá∑",https://www.youtube.com/@SergioMassa,Sergio Massa - Videos,Ctgr6GZ9wtI,https://www.youtube.com/watch?v=Ctgr6GZ9wtI,Sergio Massa y Margarita Stolbizer en La Cornisa - Entrevista con Luis Majul  18/06/2017,,1020.0,334
UCkB6om7y9_NYqpnqAG9Ez7Q,Sergio Massa,"Canal oficial de Sergio Massa, Ministro de econom√≠a de la Naci√≥nüá¶üá∑",https://www.youtube.com/@SergioMassa,Sergio Massa - Videos,rTWe6Qu6suM,https://www.youtube.com/watch?v=rTWe6Qu6suM,Presentaci√≥n de la Escuela de Gobierno en Vicente L√≥pez 15/06/17,Presentamos la Escuela de Gobierno en Vicente L√≥pez para seguir capacitando a quienes tomar√°n las decisiones del futuro.,4557.0,141
UCkB6om7y9_NYqpnqAG9Ez7Q,Sergio Massa,"Canal oficial de Sergio Massa, Ministro de econom√≠a de la Naci√≥nüá¶üá∑",https://www.youtube.com/@SergioMassa,Sergio Massa - Videos,JNGHqvVtsi4,https://www.youtube.com/watch?v=JNGHqvVtsi4,Libres del Sur se Sum√≥ a 1Pais,El 10/05 Libres del Sur se sumo a 1Pa√≠s. El video del acto completo.,4103.0,284
UCkB6om7y9_NYqpnqAG9Ez7Q,Sergio Massa,"Canal oficial de Sergio Massa, Ministro de econom√≠a de la Naci√≥nüá¶üá∑",https://www.youtube.com/@SergioMassa,Sergio Massa - Videos,KB3XVxY6g34,https://www.youtube.com/watch?v=KB3XVxY6g34,Lanzamiento de 1Pa√≠s,Comparto el video completo de lo que fue el nacimiento de 1Pa√≠s para todos los argentinos.,5083.0,309
UCkB6om7y9_NYqpnqAG9Ez7Q,Sergio Massa,"Canal oficial de Sergio Massa, Ministro de econom√≠a de la Naci√≥nüá¶üá∑",https://www.youtube.com/@SergioMassa,Sergio Massa - Videos,Q__lvcWTCa4,https://www.youtube.com/watch?v=Q__lvcWTCa4,Sergio Massa y Margarita Stolbizer en Animales Sueltos - 02/05/17,,1981.0,403
UCkB6om7y9_NYqpnqAG9Ez7Q,Sergio Massa,"Canal oficial de Sergio Massa, Ministro de econom√≠a de la Naci√≥nüá¶üá∑",https://www.youtube.com/@SergioMassa,Sergio Massa - Videos,oloigJ4DV4s,https://www.youtube.com/watch?v=oloigJ4DV4s,Daniel Arroyo en la inaguraci√≥n de la Escuela de Gobierno en Mar del Plata 28/03/17,,1564.0,82
UCkB6om7y9_NYqpnqAG9Ez7Q,Sergio Massa,"Canal oficial de Sergio Massa, Ministro de econom√≠a de la Naci√≥nüá¶üá∑",https://www.youtube.com/@SergioMassa,Sergio Massa - Videos,79WFAFwW5Mg,https://www.youtube.com/watch?v=79WFAFwW5Mg,SERGIO MASSA EN ANIMALES SUELTOS 16/03/2017,,1680.0,1474
UCkB6om7y9_NYqpnqAG9Ez7Q,Sergio Massa,"Canal oficial de Sergio Massa, Ministro de econom√≠a de la Naci√≥nüá¶üá∑",https://www.youtube.com/@SergioMassa,Sergio Massa - Videos,wxzCtZypBPU,https://www.youtube.com/watch?v=wxzCtZypBPU,Massa en Intratables - 16/02/2017,,2649.0,459
UCkB6om7y9_NYqpnqAG9Ez7Q,Sergio Massa,"Canal oficial de Sergio Massa, Ministro de econom√≠a de la Naci√≥nüá¶üá∑",https://www.youtube.com/@SergioMassa,Sergio Massa - Videos,woVUXnNpScs,https://www.youtube.com/watch?v=woVUXnNpScs,Frente Renovador Lanzamiento de Campa√±a Massa en Velez Discurso,,1708.0,47957
